{
  "build": "py311haa95532_0",
  "build_number": 0,
  "channel": "https://repo.anaconda.com/pkgs/main/win-64",
  "constrains": [],
  "depends": [
    "python >=3.11,<3.12.0a0",
    "soupsieve >1.2"
  ],
  "extracted_package_dir": "C:\\Users\\vicayo\\anaconda3\\pkgs\\beautifulsoup4-4.12.3-py311haa95532_0",
  "files": [
    "Lib/site-packages/beautifulsoup4-4.12.3.dist-info/INSTALLER",
    "Lib/site-packages/beautifulsoup4-4.12.3.dist-info/METADATA",
    "Lib/site-packages/beautifulsoup4-4.12.3.dist-info/RECORD",
    "Lib/site-packages/beautifulsoup4-4.12.3.dist-info/REQUESTED",
    "Lib/site-packages/beautifulsoup4-4.12.3.dist-info/WHEEL",
    "Lib/site-packages/beautifulsoup4-4.12.3.dist-info/direct_url.json",
    "Lib/site-packages/beautifulsoup4-4.12.3.dist-info/licenses/AUTHORS",
    "Lib/site-packages/beautifulsoup4-4.12.3.dist-info/licenses/LICENSE",
    "Lib/site-packages/bs4/__init__.py",
    "Lib/site-packages/bs4/__pycache__/__init__.cpython-311.pyc",
    "Lib/site-packages/bs4/__pycache__/css.cpython-311.pyc",
    "Lib/site-packages/bs4/__pycache__/dammit.cpython-311.pyc",
    "Lib/site-packages/bs4/__pycache__/diagnose.cpython-311.pyc",
    "Lib/site-packages/bs4/__pycache__/element.cpython-311.pyc",
    "Lib/site-packages/bs4/__pycache__/formatter.cpython-311.pyc",
    "Lib/site-packages/bs4/builder/__init__.py",
    "Lib/site-packages/bs4/builder/__pycache__/__init__.cpython-311.pyc",
    "Lib/site-packages/bs4/builder/__pycache__/_html5lib.cpython-311.pyc",
    "Lib/site-packages/bs4/builder/__pycache__/_htmlparser.cpython-311.pyc",
    "Lib/site-packages/bs4/builder/__pycache__/_lxml.cpython-311.pyc",
    "Lib/site-packages/bs4/builder/_html5lib.py",
    "Lib/site-packages/bs4/builder/_htmlparser.py",
    "Lib/site-packages/bs4/builder/_lxml.py",
    "Lib/site-packages/bs4/css.py",
    "Lib/site-packages/bs4/dammit.py",
    "Lib/site-packages/bs4/diagnose.py",
    "Lib/site-packages/bs4/element.py",
    "Lib/site-packages/bs4/formatter.py",
    "Lib/site-packages/bs4/tests/__init__.py",
    "Lib/site-packages/bs4/tests/__pycache__/__init__.cpython-311.pyc",
    "Lib/site-packages/bs4/tests/__pycache__/test_builder.cpython-311.pyc",
    "Lib/site-packages/bs4/tests/__pycache__/test_builder_registry.cpython-311.pyc",
    "Lib/site-packages/bs4/tests/__pycache__/test_css.cpython-311.pyc",
    "Lib/site-packages/bs4/tests/__pycache__/test_dammit.cpython-311.pyc",
    "Lib/site-packages/bs4/tests/__pycache__/test_docs.cpython-311.pyc",
    "Lib/site-packages/bs4/tests/__pycache__/test_element.cpython-311.pyc",
    "Lib/site-packages/bs4/tests/__pycache__/test_formatter.cpython-311.pyc",
    "Lib/site-packages/bs4/tests/__pycache__/test_fuzz.cpython-311.pyc",
    "Lib/site-packages/bs4/tests/__pycache__/test_html5lib.cpython-311.pyc",
    "Lib/site-packages/bs4/tests/__pycache__/test_htmlparser.cpython-311.pyc",
    "Lib/site-packages/bs4/tests/__pycache__/test_lxml.cpython-311.pyc",
    "Lib/site-packages/bs4/tests/__pycache__/test_navigablestring.cpython-311.pyc",
    "Lib/site-packages/bs4/tests/__pycache__/test_pageelement.cpython-311.pyc",
    "Lib/site-packages/bs4/tests/__pycache__/test_soup.cpython-311.pyc",
    "Lib/site-packages/bs4/tests/__pycache__/test_tag.cpython-311.pyc",
    "Lib/site-packages/bs4/tests/__pycache__/test_tree.cpython-311.pyc",
    "Lib/site-packages/bs4/tests/fuzz/clusterfuzz-testcase-minimized-bs4_fuzzer-4670634698080256.testcase",
    "Lib/site-packages/bs4/tests/fuzz/clusterfuzz-testcase-minimized-bs4_fuzzer-4818336571064320.testcase",
    "Lib/site-packages/bs4/tests/fuzz/clusterfuzz-testcase-minimized-bs4_fuzzer-4999465949331456.testcase",
    "Lib/site-packages/bs4/tests/fuzz/clusterfuzz-testcase-minimized-bs4_fuzzer-5000587759190016.testcase",
    "Lib/site-packages/bs4/tests/fuzz/clusterfuzz-testcase-minimized-bs4_fuzzer-5167584867909632.testcase",
    "Lib/site-packages/bs4/tests/fuzz/clusterfuzz-testcase-minimized-bs4_fuzzer-5270998950477824.testcase",
    "Lib/site-packages/bs4/tests/fuzz/clusterfuzz-testcase-minimized-bs4_fuzzer-5375146639360000.testcase",
    "Lib/site-packages/bs4/tests/fuzz/clusterfuzz-testcase-minimized-bs4_fuzzer-5492400320282624.testcase",
    "Lib/site-packages/bs4/tests/fuzz/clusterfuzz-testcase-minimized-bs4_fuzzer-5703933063462912.testcase",
    "Lib/site-packages/bs4/tests/fuzz/clusterfuzz-testcase-minimized-bs4_fuzzer-5843991618256896.testcase",
    "Lib/site-packages/bs4/tests/fuzz/clusterfuzz-testcase-minimized-bs4_fuzzer-5984173902397440.testcase",
    "Lib/site-packages/bs4/tests/fuzz/clusterfuzz-testcase-minimized-bs4_fuzzer-6124268085182464.testcase",
    "Lib/site-packages/bs4/tests/fuzz/clusterfuzz-testcase-minimized-bs4_fuzzer-6241471367348224.testcase",
    "Lib/site-packages/bs4/tests/fuzz/clusterfuzz-testcase-minimized-bs4_fuzzer-6306874195312640.testcase",
    "Lib/site-packages/bs4/tests/fuzz/clusterfuzz-testcase-minimized-bs4_fuzzer-6450958476902400.testcase",
    "Lib/site-packages/bs4/tests/fuzz/clusterfuzz-testcase-minimized-bs4_fuzzer-6600557255327744.testcase",
    "Lib/site-packages/bs4/tests/fuzz/crash-0d306a50c8ed8bcd0785b67000fcd5dea1d33f08.testcase",
    "Lib/site-packages/bs4/tests/fuzz/crash-ffbdfa8a2b26f13537b68d3794b0478a4090ee4a.testcase",
    "Lib/site-packages/bs4/tests/test_builder.py",
    "Lib/site-packages/bs4/tests/test_builder_registry.py",
    "Lib/site-packages/bs4/tests/test_css.py",
    "Lib/site-packages/bs4/tests/test_dammit.py",
    "Lib/site-packages/bs4/tests/test_docs.py",
    "Lib/site-packages/bs4/tests/test_element.py",
    "Lib/site-packages/bs4/tests/test_formatter.py",
    "Lib/site-packages/bs4/tests/test_fuzz.py",
    "Lib/site-packages/bs4/tests/test_html5lib.py",
    "Lib/site-packages/bs4/tests/test_htmlparser.py",
    "Lib/site-packages/bs4/tests/test_lxml.py",
    "Lib/site-packages/bs4/tests/test_navigablestring.py",
    "Lib/site-packages/bs4/tests/test_pageelement.py",
    "Lib/site-packages/bs4/tests/test_soup.py",
    "Lib/site-packages/bs4/tests/test_tag.py",
    "Lib/site-packages/bs4/tests/test_tree.py",
    ".nonadmin"
  ],
  "fn": "beautifulsoup4-4.12.3-py311haa95532_0.conda",
  "license": "MIT",
  "link": {
    "source": "C:\\Users\\vicayo\\anaconda3\\pkgs\\beautifulsoup4-4.12.3-py311haa95532_0",
    "type": 1
  },
  "md5": "a71556c61ad317545ef3562161df5ef3",
  "name": "beautifulsoup4",
  "package_tarball_full_path": "C:\\Users\\vicayo\\anaconda3\\pkgs\\beautifulsoup4-4.12.3-py311haa95532_0.conda",
  "paths_data": {
    "paths": [
      {
        "_path": "Lib/site-packages/beautifulsoup4-4.12.3.dist-info/INSTALLER",
        "path_type": "hardlink",
        "sha256": "d0edee15f91b406f3f99726e44eb990be6e34fd0345b52b910c568e0eef6a2a8",
        "sha256_in_prefix": "d0edee15f91b406f3f99726e44eb990be6e34fd0345b52b910c568e0eef6a2a8",
        "size_in_bytes": 5
      },
      {
        "_path": "Lib/site-packages/beautifulsoup4-4.12.3.dist-info/METADATA",
        "path_type": "hardlink",
        "sha256": "524392d64a088e56a4232f50d6edb208dc03105394652acb72c6d5fa64c89f3e",
        "sha256_in_prefix": "524392d64a088e56a4232f50d6edb208dc03105394652acb72c6d5fa64c89f3e",
        "size_in_bytes": 3790
      },
      {
        "_path": "Lib/site-packages/beautifulsoup4-4.12.3.dist-info/RECORD",
        "path_type": "hardlink",
        "sha256": "78bf3e7983faefa3e1411d807d32cc8500a5e8fa95efae2a8330a6023f7e8fe3",
        "sha256_in_prefix": "78bf3e7983faefa3e1411d807d32cc8500a5e8fa95efae2a8330a6023f7e8fe3",
        "size_in_bytes": 6786
      },
      {
        "_path": "Lib/site-packages/beautifulsoup4-4.12.3.dist-info/REQUESTED",
        "path_type": "hardlink",
        "sha256": "e3b0c44298fc1c149afbf4c8996fb92427ae41e4649b934ca495991b7852b855",
        "sha256_in_prefix": "e3b0c44298fc1c149afbf4c8996fb92427ae41e4649b934ca495991b7852b855",
        "size_in_bytes": 0
      },
      {
        "_path": "Lib/site-packages/beautifulsoup4-4.12.3.dist-info/WHEEL",
        "path_type": "hardlink",
        "sha256": "4c93e729db6b4ae7bbc59fc0546929f585dcbc3ae86ec8c176cd5dbb7371e9d7",
        "sha256_in_prefix": "4c93e729db6b4ae7bbc59fc0546929f585dcbc3ae86ec8c176cd5dbb7371e9d7",
        "size_in_bytes": 87
      },
      {
        "_path": "Lib/site-packages/beautifulsoup4-4.12.3.dist-info/direct_url.json",
        "path_type": "hardlink",
        "sha256": "660740b04e665d8d1bd99bfe5f7c37ad2cd7b8bb8808b95faaef762c0f6756fc",
        "sha256_in_prefix": "660740b04e665d8d1bd99bfe5f7c37ad2cd7b8bb8808b95faaef762c0f6756fc",
        "size_in_bytes": 100
      },
      {
        "_path": "Lib/site-packages/beautifulsoup4-4.12.3.dist-info/licenses/AUTHORS",
        "path_type": "hardlink",
        "sha256": "b9221d6eb05bd6ca1b75797b56b954beebe29b674df64177307e04767d162861",
        "sha256_in_prefix": "b9221d6eb05bd6ca1b75797b56b954beebe29b674df64177307e04767d162861",
        "size_in_bytes": 2176
      },
      {
        "_path": "Lib/site-packages/beautifulsoup4-4.12.3.dist-info/licenses/LICENSE",
        "path_type": "hardlink",
        "sha256": "55b4d8d4b1e5bc86d10efac91b74c87bcb77526b0f5b9edaf8b9cd2adc7397b2",
        "sha256_in_prefix": "55b4d8d4b1e5bc86d10efac91b74c87bcb77526b0f5b9edaf8b9cd2adc7397b2",
        "size_in_bytes": 1441
      },
      {
        "_path": "Lib/site-packages/bs4/__init__.py",
        "path_type": "hardlink",
        "sha256": "92adf6702b5088d8e353d5f08c3d1bd637573795840bcee726a4925b73e15643",
        "sha256_in_prefix": "92adf6702b5088d8e353d5f08c3d1bd637573795840bcee726a4925b73e15643",
        "size_in_bytes": 33822
      },
      {
        "_path": "Lib/site-packages/bs4/__pycache__/__init__.cpython-311.pyc",
        "path_type": "hardlink",
        "sha256": "79204d57cec69bb60f753726b7d497eef289c208a2b85a781d7e5ea6ec3b013b",
        "sha256_in_prefix": "79204d57cec69bb60f753726b7d497eef289c208a2b85a781d7e5ea6ec3b013b",
        "size_in_bytes": 35725
      },
      {
        "_path": "Lib/site-packages/bs4/__pycache__/css.cpython-311.pyc",
        "path_type": "hardlink",
        "sha256": "eca351e35e06edfc3c71f958af747e0802c8f45afef6374b2fbafe35f41450ad",
        "sha256_in_prefix": "eca351e35e06edfc3c71f958af747e0802c8f45afef6374b2fbafe35f41450ad",
        "size_in_bytes": 11629
      },
      {
        "_path": "Lib/site-packages/bs4/__pycache__/dammit.cpython-311.pyc",
        "path_type": "hardlink",
        "sha256": "46c93ad77134ebe9d2cd7d3973b4c701c8dc3a6c4b4a5f800dbe037def8d7629",
        "sha256_in_prefix": "46c93ad77134ebe9d2cd7d3973b4c701c8dc3a6c4b4a5f800dbe037def8d7629",
        "size_in_bytes": 40103
      },
      {
        "_path": "Lib/site-packages/bs4/__pycache__/diagnose.cpython-311.pyc",
        "path_type": "hardlink",
        "sha256": "17d263826fbd26213b99f6d85b1d28656148ef83213fedfff0ed825ef9475775",
        "sha256_in_prefix": "17d263826fbd26213b99f6d85b1d28656148ef83213fedfff0ed825ef9475775",
        "size_in_bytes": 13222
      },
      {
        "_path": "Lib/site-packages/bs4/__pycache__/element.cpython-311.pyc",
        "path_type": "hardlink",
        "sha256": "8e73b98cbbf6be0197e8c032e71d300c71eb19112c9d5bcb59b059751acb41e6",
        "sha256_in_prefix": "8e73b98cbbf6be0197e8c032e71d300c71eb19112c9d5bcb59b059751acb41e6",
        "size_in_bytes": 97821
      },
      {
        "_path": "Lib/site-packages/bs4/__pycache__/formatter.cpython-311.pyc",
        "path_type": "hardlink",
        "sha256": "4940bf00efd602555623984b39cc4be0898a30d8f7ce655244b850ca1a2c3b50",
        "sha256_in_prefix": "4940bf00efd602555623984b39cc4be0898a30d8f7ce655244b850ca1a2c3b50",
        "size_in_bytes": 8890
      },
      {
        "_path": "Lib/site-packages/bs4/builder/__init__.py",
        "path_type": "hardlink",
        "sha256": "9f06f7e5fb63730cceb365a48d59b5cef7e2ec5c52c893fe9cdd5885e2154f5e",
        "sha256_in_prefix": "9f06f7e5fb63730cceb365a48d59b5cef7e2ec5c52c893fe9cdd5885e2154f5e",
        "size_in_bytes": 24566
      },
      {
        "_path": "Lib/site-packages/bs4/builder/__pycache__/__init__.cpython-311.pyc",
        "path_type": "hardlink",
        "sha256": "a3ba3232071dab7f0820ac454e99bffc3e69b6af73348e5fb03c6dd3b2a1693e",
        "sha256_in_prefix": "a3ba3232071dab7f0820ac454e99bffc3e69b6af73348e5fb03c6dd3b2a1693e",
        "size_in_bytes": 25047
      },
      {
        "_path": "Lib/site-packages/bs4/builder/__pycache__/_html5lib.cpython-311.pyc",
        "path_type": "hardlink",
        "sha256": "af735d48163c48ac3ede8c13a6b1c9d043a5500a9349ade143c1f0edaab8880e",
        "sha256_in_prefix": "af735d48163c48ac3ede8c13a6b1c9d043a5500a9349ade143c1f0edaab8880e",
        "size_in_bytes": 22318
      },
      {
        "_path": "Lib/site-packages/bs4/builder/__pycache__/_htmlparser.cpython-311.pyc",
        "path_type": "hardlink",
        "sha256": "2179c3029b6e5b6a46393b4591a81b3bc9798c5c691b2e1cf233c8acfd5689d8",
        "sha256_in_prefix": "2179c3029b6e5b6a46393b4591a81b3bc9798c5c691b2e1cf233c8acfd5689d8",
        "size_in_bytes": 14285
      },
      {
        "_path": "Lib/site-packages/bs4/builder/__pycache__/_lxml.cpython-311.pyc",
        "path_type": "hardlink",
        "sha256": "13f7608dfcdadc5b90cddf70ae8cc8ffcb4c68b5351ac0aa166de4091fbc8dc0",
        "sha256_in_prefix": "13f7608dfcdadc5b90cddf70ae8cc8ffcb4c68b5351ac0aa166de4091fbc8dc0",
        "size_in_bytes": 16544
      },
      {
        "_path": "Lib/site-packages/bs4/builder/_html5lib.py",
        "path_type": "hardlink",
        "sha256": "d30fa198f339c16476883b91091e8cbd8e993d76e0fe181d7729be616aa3d37b",
        "sha256_in_prefix": "d30fa198f339c16476883b91091e8cbd8e993d76e0fe181d7729be616aa3d37b",
        "size_in_bytes": 19114
      },
      {
        "_path": "Lib/site-packages/bs4/builder/_htmlparser.py",
        "path_type": "hardlink",
        "sha256": "fd50f9674f23e80f5860c478cbb6537dd333c22081b1251000fb8789807e5992",
        "sha256_in_prefix": "fd50f9674f23e80f5860c478cbb6537dd333c22081b1251000fb8789807e5992",
        "size_in_bytes": 14923
      },
      {
        "_path": "Lib/site-packages/bs4/builder/_lxml.py",
        "path_type": "hardlink",
        "sha256": "c8a74cc7591d5fb1f60a8a704961189b84a0adf91df960e3f076ec91c68b6ae5",
        "sha256_in_prefix": "c8a74cc7591d5fb1f60a8a704961189b84a0adf91df960e3f076ec91c68b6ae5",
        "size_in_bytes": 14948
      },
      {
        "_path": "Lib/site-packages/bs4/css.py",
        "path_type": "hardlink",
        "sha256": "82a19a1d1aca782445de00eac73794d2e725382792b13a6e5bd8146929c97967",
        "sha256_in_prefix": "82a19a1d1aca782445de00eac73794d2e725382792b13a6e5bd8146929c97967",
        "size_in_bytes": 10077
      },
      {
        "_path": "Lib/site-packages/bs4/dammit.py",
        "path_type": "hardlink",
        "sha256": "1b47107ec12a7f027e14840c917802270487327eedf6f3dea42aee77a7d910a9",
        "sha256_in_prefix": "1b47107ec12a7f027e14840c917802270487327eedf6f3dea42aee77a7d910a9",
        "size_in_bytes": 41158
      },
      {
        "_path": "Lib/site-packages/bs4/diagnose.py",
        "path_type": "hardlink",
        "sha256": "b80c1d0ee80bffaeed07e048c032052c56e2bb31b13f6c10cc9278fdb19852b0",
        "sha256_in_prefix": "b80c1d0ee80bffaeed07e048c032052c56e2bb31b13f6c10cc9278fdb19852b0",
        "size_in_bytes": 7195
      },
      {
        "_path": "Lib/site-packages/bs4/element.py",
        "path_type": "hardlink",
        "sha256": "0eca25da27a19128e4d741b3620c05ca3504829aa6619a7268099b2f4ad6336c",
        "sha256_in_prefix": "0eca25da27a19128e4d741b3620c05ca3504829aa6619a7268099b2f4ad6336c",
        "size_in_bytes": 92845
      },
      {
        "_path": "Lib/site-packages/bs4/formatter.py",
        "path_type": "hardlink",
        "sha256": "06ee2eb404184fd5c325a3cfa5344cf9dcb124354b7717ff6acf8853981263c0",
        "sha256_in_prefix": "06ee2eb404184fd5c325a3cfa5344cf9dcb124354b7717ff6acf8853981263c0",
        "size_in_bytes": 7188
      },
      {
        "_path": "Lib/site-packages/bs4/tests/__init__.py",
        "path_type": "hardlink",
        "sha256": "3727537a076cfebecca0e12e40b4ba4c599303d4f02b72b1261c0492a8c21934",
        "sha256_in_prefix": "3727537a076cfebecca0e12e40b4ba4c599303d4f02b72b1261c0492a8c21934",
        "size_in_bytes": 48392
      },
      {
        "_path": "Lib/site-packages/bs4/tests/__pycache__/__init__.cpython-311.pyc",
        "path_type": "hardlink",
        "sha256": "6783fbeffc8dd0292b4351cf481f27b4c1308a4148b5c4573f6afd490b3bb6a2",
        "sha256_in_prefix": "6783fbeffc8dd0292b4351cf481f27b4c1308a4148b5c4573f6afd490b3bb6a2",
        "size_in_bytes": 66935
      },
      {
        "_path": "Lib/site-packages/bs4/tests/__pycache__/test_builder.cpython-311.pyc",
        "path_type": "hardlink",
        "sha256": "594e1058f9168b4e5656859e42f2806aa9a01ef280630af7a9ee72ab90ee0305",
        "sha256_in_prefix": "594e1058f9168b4e5656859e42f2806aa9a01ef280630af7a9ee72ab90ee0305",
        "size_in_bytes": 1806
      },
      {
        "_path": "Lib/site-packages/bs4/tests/__pycache__/test_builder_registry.cpython-311.pyc",
        "path_type": "hardlink",
        "sha256": "47ae7f41df0c08bde7b9cb4bec58514dc9c35e5f2f9e72c8a698bf63d0900b10",
        "sha256_in_prefix": "47ae7f41df0c08bde7b9cb4bec58514dc9c35e5f2f9e72c8a698bf63d0900b10",
        "size_in_bytes": 8568
      },
      {
        "_path": "Lib/site-packages/bs4/tests/__pycache__/test_css.cpython-311.pyc",
        "path_type": "hardlink",
        "sha256": "346b6143dca80700904ba879e8d8f1d08f5733a90ba13150b13e395952e99458",
        "sha256_in_prefix": "346b6143dca80700904ba879e8d8f1d08f5733a90ba13150b13e395952e99458",
        "size_in_bytes": 31698
      },
      {
        "_path": "Lib/site-packages/bs4/tests/__pycache__/test_dammit.cpython-311.pyc",
        "path_type": "hardlink",
        "sha256": "7796330d02a2681152575055535f418069a2f2f0bd5d0457499609578e6e73df",
        "sha256_in_prefix": "7796330d02a2681152575055535f418069a2f2f0bd5d0457499609578e6e73df",
        "size_in_bytes": 19155
      },
      {
        "_path": "Lib/site-packages/bs4/tests/__pycache__/test_docs.cpython-311.pyc",
        "path_type": "hardlink",
        "sha256": "bbf9c6e935e5b294f7168a89c1a08cb85ba8444c3201ce529af5dafe07ce1f77",
        "sha256_in_prefix": "bbf9c6e935e5b294f7168a89c1a08cb85ba8444c3201ce529af5dafe07ce1f77",
        "size_in_bytes": 512
      },
      {
        "_path": "Lib/site-packages/bs4/tests/__pycache__/test_element.cpython-311.pyc",
        "path_type": "hardlink",
        "sha256": "011cfdfc7ea313d79d2a66ee4a77fd3a9290f74008d5eaf6c3bc3e36b3698952",
        "sha256_in_prefix": "011cfdfc7ea313d79d2a66ee4a77fd3a9290f74008d5eaf6c3bc3e36b3698952",
        "size_in_bytes": 4124
      },
      {
        "_path": "Lib/site-packages/bs4/tests/__pycache__/test_formatter.cpython-311.pyc",
        "path_type": "hardlink",
        "sha256": "a2b79c3568c9431b1c6bda11a09ddef10c87a8761b5aade7f6e6acbd8e4c09f7",
        "sha256_in_prefix": "a2b79c3568c9431b1c6bda11a09ddef10c87a8761b5aade7f6e6acbd8e4c09f7",
        "size_in_bytes": 5107
      },
      {
        "_path": "Lib/site-packages/bs4/tests/__pycache__/test_fuzz.cpython-311.pyc",
        "path_type": "hardlink",
        "sha256": "2a0d04ad9de21c54b4b8e0c4f829fb72980793fd01f4dbb35abe3516b0c05b11",
        "sha256_in_prefix": "2a0d04ad9de21c54b4b8e0c4f829fb72980793fd01f4dbb35abe3516b0c05b11",
        "size_in_bytes": 7602
      },
      {
        "_path": "Lib/site-packages/bs4/tests/__pycache__/test_html5lib.cpython-311.pyc",
        "path_type": "hardlink",
        "sha256": "d3cfd42538afc56be48ac8657e1989cf22f0c209a15d5df14b0784caa2203af4",
        "sha256_in_prefix": "d3cfd42538afc56be48ac8657e1989cf22f0c209a15d5df14b0784caa2203af4",
        "size_in_bytes": 12034
      },
      {
        "_path": "Lib/site-packages/bs4/tests/__pycache__/test_htmlparser.cpython-311.pyc",
        "path_type": "hardlink",
        "sha256": "58e1454ea063be0e3d70efce37b6a08059a17ef01a945fa0f9d1f1346899ed9f",
        "sha256_in_prefix": "58e1454ea063be0e3d70efce37b6a08059a17ef01a945fa0f9d1f1346899ed9f",
        "size_in_bytes": 7277
      },
      {
        "_path": "Lib/site-packages/bs4/tests/__pycache__/test_lxml.cpython-311.pyc",
        "path_type": "hardlink",
        "sha256": "a336b087435963107cf309aabef38871285b733f535b154244f628abe2b81500",
        "sha256_in_prefix": "a336b087435963107cf309aabef38871285b733f535b154244f628abe2b81500",
        "size_in_bytes": 8826
      },
      {
        "_path": "Lib/site-packages/bs4/tests/__pycache__/test_navigablestring.cpython-311.pyc",
        "path_type": "hardlink",
        "sha256": "66cd494e3c9b694cd1089e373948ec002171d23a19bfeaf13aeec9c64025141b",
        "sha256_in_prefix": "66cd494e3c9b694cd1089e373948ec002171d23a19bfeaf13aeec9c64025141b",
        "size_in_bytes": 8904
      },
      {
        "_path": "Lib/site-packages/bs4/tests/__pycache__/test_pageelement.cpython-311.pyc",
        "path_type": "hardlink",
        "sha256": "0972bea5f6ca1b46b0577467417d598933272046c3ecdf4c9d8cd38020849493",
        "sha256_in_prefix": "0972bea5f6ca1b46b0577467417d598933272046c3ecdf4c9d8cd38020849493",
        "size_in_bytes": 22264
      },
      {
        "_path": "Lib/site-packages/bs4/tests/__pycache__/test_soup.cpython-311.pyc",
        "path_type": "hardlink",
        "sha256": "9d41a02022c732a0c5fca332fc29adf71a35085d429c587be6592a3b44442955",
        "sha256_in_prefix": "9d41a02022c732a0c5fca332fc29adf71a35085d429c587be6592a3b44442955",
        "size_in_bytes": 33151
      },
      {
        "_path": "Lib/site-packages/bs4/tests/__pycache__/test_tag.cpython-311.pyc",
        "path_type": "hardlink",
        "sha256": "7af8fd93ab14776ace7a254c472160b06d9014acdea7c1b61615a66fb1605fd9",
        "sha256_in_prefix": "7af8fd93ab14776ace7a254c472160b06d9014acdea7c1b61615a66fb1605fd9",
        "size_in_bytes": 14979
      },
      {
        "_path": "Lib/site-packages/bs4/tests/__pycache__/test_tree.cpython-311.pyc",
        "path_type": "hardlink",
        "sha256": "405cb27a38ea6c268f0072334c3b6d2981e1d3d9b3196d5ad342e6eff309167e",
        "sha256_in_prefix": "405cb27a38ea6c268f0072334c3b6d2981e1d3d9b3196d5ad342e6eff309167e",
        "size_in_bytes": 91656
      },
      {
        "_path": "Lib/site-packages/bs4/tests/fuzz/clusterfuzz-testcase-minimized-bs4_fuzzer-4670634698080256.testcase",
        "path_type": "hardlink",
        "sha256": "c9475791ba4d2bb2d5390d0b047328a99d6b59a05f4975b2b683bfc5d4a6ec7a",
        "sha256_in_prefix": "c9475791ba4d2bb2d5390d0b047328a99d6b59a05f4975b2b683bfc5d4a6ec7a",
        "size_in_bytes": 15
      },
      {
        "_path": "Lib/site-packages/bs4/tests/fuzz/clusterfuzz-testcase-minimized-bs4_fuzzer-4818336571064320.testcase",
        "path_type": "hardlink",
        "sha256": "52ffddc786b8dd349fa0d92353e8c75b69d25e4a87160e17740c3b49654e6d49",
        "sha256_in_prefix": "52ffddc786b8dd349fa0d92353e8c75b69d25e4a87160e17740c3b49654e6d49",
        "size_in_bytes": 23
      },
      {
        "_path": "Lib/site-packages/bs4/tests/fuzz/clusterfuzz-testcase-minimized-bs4_fuzzer-4999465949331456.testcase",
        "path_type": "hardlink",
        "sha256": "384c95034123e05c6cc0e125ad436dd089f8b38621ae6b5ac44fcd1c666f1ad8",
        "sha256_in_prefix": "384c95034123e05c6cc0e125ad436dd089f8b38621ae6b5ac44fcd1c666f1ad8",
        "size_in_bytes": 30
      },
      {
        "_path": "Lib/site-packages/bs4/tests/fuzz/clusterfuzz-testcase-minimized-bs4_fuzzer-5000587759190016.testcase",
        "path_type": "hardlink",
        "sha256": "1b8be93413b3f91c0ca62e9ec0480d11ad77cd7d2c5e198bed51cec8871d2954",
        "sha256_in_prefix": "1b8be93413b3f91c0ca62e9ec0480d11ad77cd7d2c5e198bed51cec8871d2954",
        "size_in_bytes": 15347
      },
      {
        "_path": "Lib/site-packages/bs4/tests/fuzz/clusterfuzz-testcase-minimized-bs4_fuzzer-5167584867909632.testcase",
        "path_type": "hardlink",
        "sha256": "dddf33eb9a38a7b46eafe466087a0e8f3a9a610f0402d8e68816131cdc80765e",
        "sha256_in_prefix": "dddf33eb9a38a7b46eafe466087a0e8f3a9a610f0402d8e68816131cdc80765e",
        "size_in_bytes": 19469
      },
      {
        "_path": "Lib/site-packages/bs4/tests/fuzz/clusterfuzz-testcase-minimized-bs4_fuzzer-5270998950477824.testcase",
        "path_type": "hardlink",
        "sha256": "35f188962b75938d08a779a59c19183a4203257ea01ed8e512bc25ee0b018c04",
        "sha256_in_prefix": "35f188962b75938d08a779a59c19183a4203257ea01ed8e512bc25ee0b018c04",
        "size_in_bytes": 12
      },
      {
        "_path": "Lib/site-packages/bs4/tests/fuzz/clusterfuzz-testcase-minimized-bs4_fuzzer-5375146639360000.testcase",
        "path_type": "hardlink",
        "sha256": "c72e22d54d278451dc9f2739a51292e8944cbeea02354babf92728afa531206c",
        "sha256_in_prefix": "c72e22d54d278451dc9f2739a51292e8944cbeea02354babf92728afa531206c",
        "size_in_bytes": 4317
      },
      {
        "_path": "Lib/site-packages/bs4/tests/fuzz/clusterfuzz-testcase-minimized-bs4_fuzzer-5492400320282624.testcase",
        "path_type": "hardlink",
        "sha256": "43e51362940152c5a8320214b29525cef79223ee35b380010b78da8d16fe2b4a",
        "sha256_in_prefix": "43e51362940152c5a8320214b29525cef79223ee35b380010b78da8d16fe2b4a",
        "size_in_bytes": 11502
      },
      {
        "_path": "Lib/site-packages/bs4/tests/fuzz/clusterfuzz-testcase-minimized-bs4_fuzzer-5703933063462912.testcase",
        "path_type": "hardlink",
        "sha256": "d9bab74bc2b166093c11a8cb45e1c3f26e3fd0b8ff9eb932240c41ff3fd4d03d",
        "sha256_in_prefix": "d9bab74bc2b166093c11a8cb45e1c3f26e3fd0b8ff9eb932240c41ff3fd4d03d",
        "size_in_bytes": 5
      },
      {
        "_path": "Lib/site-packages/bs4/tests/fuzz/clusterfuzz-testcase-minimized-bs4_fuzzer-5843991618256896.testcase",
        "path_type": "hardlink",
        "sha256": "3190eedf52cf2df82eea33fd21992b97035eb377ffb0bf1614fe410a191429d6",
        "sha256_in_prefix": "3190eedf52cf2df82eea33fd21992b97035eb377ffb0bf1614fe410a191429d6",
        "size_in_bytes": 35
      },
      {
        "_path": "Lib/site-packages/bs4/tests/fuzz/clusterfuzz-testcase-minimized-bs4_fuzzer-5984173902397440.testcase",
        "path_type": "hardlink",
        "sha256": "c39f2bface9b7ac1b92703d7a67cf7ed6d984e3f7efeac456e4ea18849ca7884",
        "sha256_in_prefix": "c39f2bface9b7ac1b92703d7a67cf7ed6d984e3f7efeac456e4ea18849ca7884",
        "size_in_bytes": 51495
      },
      {
        "_path": "Lib/site-packages/bs4/tests/fuzz/clusterfuzz-testcase-minimized-bs4_fuzzer-6124268085182464.testcase",
        "path_type": "hardlink",
        "sha256": "abcae474c10211729ca9584e7f9cd61e44814d078e3edd0988b8364d988f0ae9",
        "sha256_in_prefix": "abcae474c10211729ca9584e7f9cd61e44814d078e3edd0988b8364d988f0ae9",
        "size_in_bytes": 10380
      },
      {
        "_path": "Lib/site-packages/bs4/tests/fuzz/clusterfuzz-testcase-minimized-bs4_fuzzer-6241471367348224.testcase",
        "path_type": "hardlink",
        "sha256": "41fce83b12b036ea86fb8c48ade6ba30e40b5e17c000e409d2bf6ef89ea448db",
        "sha256_in_prefix": "41fce83b12b036ea86fb8c48ade6ba30e40b5e17c000e409d2bf6ef89ea448db",
        "size_in_bytes": 19
      },
      {
        "_path": "Lib/site-packages/bs4/tests/fuzz/clusterfuzz-testcase-minimized-bs4_fuzzer-6306874195312640.testcase",
        "path_type": "hardlink",
        "sha256": "309da91c5bae090522433d4aa2bdaca1fecb59e444450e902b8dd836a40783da",
        "sha256_in_prefix": "309da91c5bae090522433d4aa2bdaca1fecb59e444450e902b8dd836a40783da",
        "size_in_bytes": 47
      },
      {
        "_path": "Lib/site-packages/bs4/tests/fuzz/clusterfuzz-testcase-minimized-bs4_fuzzer-6450958476902400.testcase",
        "path_type": "hardlink",
        "sha256": "108b4ea5275e0f87b02beaa027dbedc5e9e7c27fe1ba0bb35e072dad44fb7ea1",
        "sha256_in_prefix": "108b4ea5275e0f87b02beaa027dbedc5e9e7c27fe1ba0bb35e072dad44fb7ea1",
        "size_in_bytes": 3546
      },
      {
        "_path": "Lib/site-packages/bs4/tests/fuzz/clusterfuzz-testcase-minimized-bs4_fuzzer-6600557255327744.testcase",
        "path_type": "hardlink",
        "sha256": "6b66894c6e0571e192257b23b71a12f12e2393ff2b66c4b76b39cb91e3b6fdd6",
        "sha256_in_prefix": "6b66894c6e0571e192257b23b71a12f12e2393ff2b66c4b76b39cb91e3b6fdd6",
        "size_in_bytes": 124
      },
      {
        "_path": "Lib/site-packages/bs4/tests/fuzz/crash-0d306a50c8ed8bcd0785b67000fcd5dea1d33f08.testcase",
        "path_type": "hardlink",
        "sha256": "8d1151b422a53f7fb71032dcfe25514dc13a24dca6bf4ad871533aa9168faf12",
        "sha256_in_prefix": "8d1151b422a53f7fb71032dcfe25514dc13a24dca6bf4ad871533aa9168faf12",
        "size_in_bytes": 2607
      },
      {
        "_path": "Lib/site-packages/bs4/tests/fuzz/crash-ffbdfa8a2b26f13537b68d3794b0478a4090ee4a.testcase",
        "path_type": "hardlink",
        "sha256": "ecdb1d0a25d60213649a85b5a6f17badb644c722c04085ad0ed4875c8b07e985",
        "sha256_in_prefix": "ecdb1d0a25d60213649a85b5a6f17badb644c722c04085ad0ed4875c8b07e985",
        "size_in_bytes": 103
      },
      {
        "_path": "Lib/site-packages/bs4/tests/test_builder.py",
        "path_type": "hardlink",
        "sha256": "9dcd8913910cac47fea76e2a85fd91f2a015e4fa4588eb8da580a6b660a39532",
        "sha256_in_prefix": "9dcd8913910cac47fea76e2a85fd91f2a015e4fa4588eb8da580a6b660a39532",
        "size_in_bytes": 1115
      },
      {
        "_path": "Lib/site-packages/bs4/tests/test_builder_registry.py",
        "path_type": "hardlink",
        "sha256": "ed62e3da9ae34871a985e6e7ae342e23a258af4dd4cbf73dfc291a15243d1d1a",
        "sha256_in_prefix": "ed62e3da9ae34871a985e6e7ae342e23a258af4dd4cbf73dfc291a15243d1d1a",
        "size_in_bytes": 5114
      },
      {
        "_path": "Lib/site-packages/bs4/tests/test_css.py",
        "path_type": "hardlink",
        "sha256": "8c27202167a6de5c8f6b902384093d4ba7d6234ee1935ae0d2ff1ca03edb12d2",
        "sha256_in_prefix": "8c27202167a6de5c8f6b902384093d4ba7d6234ee1935ae0d2ff1ca03edb12d2",
        "size_in_bytes": 17279
      },
      {
        "_path": "Lib/site-packages/bs4/tests/test_dammit.py",
        "path_type": "hardlink",
        "sha256": "31b4a644de9510fd119b9ebec3a25ad135bc782fbc671389fb05d655ffe1462f",
        "sha256_in_prefix": "31b4a644de9510fd119b9ebec3a25ad135bc782fbc671389fb05d655ffe1462f",
        "size_in_bytes": 15451
      },
      {
        "_path": "Lib/site-packages/bs4/tests/test_docs.py",
        "path_type": "hardlink",
        "sha256": "c680319d47e843b691a86226c16ffd0490d4f1634c64722ebd6a957a9bd65edf",
        "sha256_in_prefix": "c680319d47e843b691a86226c16ffd0490d4f1634c64722ebd6a957a9bd65edf",
        "size_in_bytes": 1127
      },
      {
        "_path": "Lib/site-packages/bs4/tests/test_element.py",
        "path_type": "hardlink",
        "sha256": "f76a11491a0693c8085c06c018712b2b3a1cc7630adf64ea71075427e74640ca",
        "sha256_in_prefix": "f76a11491a0693c8085c06c018712b2b3a1cc7630adf64ea71075427e74640ca",
        "size_in_bytes": 2377
      },
      {
        "_path": "Lib/site-packages/bs4/tests/test_formatter.py",
        "path_type": "hardlink",
        "sha256": "793ce3f752e686ff74cfe5a21e32b7b012599b485193472b158d5365a5ecb426",
        "sha256_in_prefix": "793ce3f752e686ff74cfe5a21e32b7b012599b485193472b158d5365a5ecb426",
        "size_in_bytes": 4148
      },
      {
        "_path": "Lib/site-packages/bs4/tests/test_fuzz.py",
        "path_type": "hardlink",
        "sha256": "fcadaeb62615919db69af874de0f02062a0553540325a7dfd6f4da0f25e1c4d9",
        "sha256_in_prefix": "fcadaeb62615919db69af874de0f02062a0553540325a7dfd6f4da0f25e1c4d9",
        "size_in_bytes": 6972
      },
      {
        "_path": "Lib/site-packages/bs4/tests/test_html5lib.py",
        "path_type": "hardlink",
        "sha256": "dbe8a99befcc68fb77ed64f111de43a1d5133614b811b2c528f45a3ba5d2096e",
        "sha256_in_prefix": "dbe8a99befcc68fb77ed64f111de43a1d5133614b811b2c528f45a3ba5d2096e",
        "size_in_bytes": 8322
      },
      {
        "_path": "Lib/site-packages/bs4/tests/test_htmlparser.py",
        "path_type": "hardlink",
        "sha256": "c279e07089738c4c07db52457eefe682de897692edd277097cb7064fb1de1b0d",
        "sha256_in_prefix": "c279e07089738c4c07db52457eefe682de897692edd277097cb7064fb1de1b0d",
        "size_in_bytes": 6256
      },
      {
        "_path": "Lib/site-packages/bs4/tests/test_lxml.py",
        "path_type": "hardlink",
        "sha256": "9d00a62ededb5a4d2277bc4cba6670fbe3f311ed7117d3d3427de5bc7c8d0ba2",
        "sha256_in_prefix": "9d00a62ededb5a4d2277bc4cba6670fbe3f311ed7117d3d3427de5bc7c8d0ba2",
        "size_in_bytes": 7635
      },
      {
        "_path": "Lib/site-packages/bs4/tests/test_navigablestring.py",
        "path_type": "hardlink",
        "sha256": "4464a0ce235fedc66761d10fb28a8bd41d88ebc4d4269d49984415c5b87faf20",
        "sha256_in_prefix": "4464a0ce235fedc66761d10fb28a8bd41d88ebc4d4269d49984415c5b87faf20",
        "size_in_bytes": 5081
      },
      {
        "_path": "Lib/site-packages/bs4/tests/test_pageelement.py",
        "path_type": "hardlink",
        "sha256": "55d1a3531c774618ea98db09f766a8e95642fd80fb4fc99d2e40d98e8b0e61e1",
        "sha256_in_prefix": "55d1a3531c774618ea98db09f766a8e95642fd80fb4fc99d2e40d98e8b0e61e1",
        "size_in_bytes": 14274
      },
      {
        "_path": "Lib/site-packages/bs4/tests/test_soup.py",
        "path_type": "hardlink",
        "sha256": "2669c03cb135fc65e6d309b011437b89c76f073f470dc87eaa8536993fd30ebb",
        "sha256_in_prefix": "2669c03cb135fc65e6d309b011437b89c76f073f470dc87eaa8536993fd30ebb",
        "size_in_bytes": 19877
      },
      {
        "_path": "Lib/site-packages/bs4/tests/test_tag.py",
        "path_type": "hardlink",
        "sha256": "1413c3522b0309b166be5e47993b4de3d086a376285178795a2bb0e4530b4b91",
        "sha256_in_prefix": "1413c3522b0309b166be5e47993b4de3d086a376285178795a2bb0e4530b4b91",
        "size_in_bytes": 9616
      },
      {
        "_path": "Lib/site-packages/bs4/tests/test_tree.py",
        "path_type": "hardlink",
        "sha256": "9fd9d340ecc96f7f999d9e8092631d650e5361c4d43e7a87a1581a9749985df8",
        "sha256_in_prefix": "9fd9d340ecc96f7f999d9e8092631d650e5361c4d43e7a87a1581a9749985df8",
        "size_in_bytes": 48129
      }
    ],
    "paths_version": 1
  },
  "requested_spec": "None",
  "sha256": "3f0929ecd9188f914e1fff5f0e7761712278e66614f2af348876e74279aa0fea",
  "size": 279681,
  "subdir": "win-64",
  "timestamp": 1718029990000,
  "url": "https://repo.anaconda.com/pkgs/main/win-64/beautifulsoup4-4.12.3-py311haa95532_0.conda",
  "version": "4.12.3"
}