{
  "build": "py39hd3eb1b0_0",
  "build_number": 0,
  "channel": "https://repo.anaconda.com/pkgs/main/noarch",
  "constrains": [],
  "depends": [
    "beautifulsoup4 >=4.12.3,<4.12.4.0a0",
    "python"
  ],
  "extracted_package_dir": "C:\\Users\\vicayo\\anaconda3\\pkgs\\bs4-4.12.3-py39hd3eb1b0_0",
  "files": [
    ".nonadmin"
  ],
  "fn": "bs4-4.12.3-py39hd3eb1b0_0.conda",
  "license": "MIT",
  "link": {
    "source": "C:\\Users\\vicayo\\anaconda3\\pkgs\\bs4-4.12.3-py39hd3eb1b0_0",
    "type": 1
  },
  "md5": "2e9c28c9b7cb806b56e15b811ce07cfd",
  "name": "bs4",
  "noarch": "python",
  "package_tarball_full_path": "C:\\Users\\vicayo\\anaconda3\\pkgs\\bs4-4.12.3-py39hd3eb1b0_0.conda",
  "package_type": "noarch_python",
  "paths_data": {
    "paths": [],
    "paths_version": 1
  },
  "requested_spec": "bs4",
  "sha256": "dc0b6abd09f8e0ef6a160b3d8a09dcf90d694b881301fab305d46a6a118db5ad",
  "size": 5763,
  "subdir": "noarch",
  "timestamp": 1718029918000,
  "url": "https://repo.anaconda.com/pkgs/main/noarch/bs4-4.12.3-py39hd3eb1b0_0.conda",
  "version": "4.12.3"
}