{
  "build": "py311haa95532_0",
  "build_number": 0,
  "channel": "https://repo.anaconda.com/pkgs/main/win-64",
  "constrains": [],
  "depends": [
    "python >=3.11,<3.12.0a0"
  ],
  "extracted_package_dir": "C:\\Users\\vicayo\\anaconda3\\pkgs\\certifi-2025.6.15-py311haa95532_0",
  "files": [
    "Lib/site-packages/certifi-2025.6.15.dist-info/INSTALLER",
    "Lib/site-packages/certifi-2025.6.15.dist-info/LICENSE",
    "Lib/site-packages/certifi-2025.6.15.dist-info/METADATA",
    "Lib/site-packages/certifi-2025.6.15.dist-info/RECORD",
    "Lib/site-packages/certifi-2025.6.15.dist-info/REQUESTED",
    "Lib/site-packages/certifi-2025.6.15.dist-info/WHEEL",
    "Lib/site-packages/certifi-2025.6.15.dist-info/direct_url.json",
    "Lib/site-packages/certifi-2025.6.15.dist-info/top_level.txt",
    "Lib/site-packages/certifi/__init__.py",
    "Lib/site-packages/certifi/__main__.py",
    "Lib/site-packages/certifi/__pycache__/__init__.cpython-311.pyc",
    "Lib/site-packages/certifi/__pycache__/__main__.cpython-311.pyc",
    "Lib/site-packages/certifi/__pycache__/core.cpython-311.pyc",
    "Lib/site-packages/certifi/cacert.pem",
    "Lib/site-packages/certifi/core.py",
    "Lib/site-packages/certifi/py.typed",
    ".nonadmin"
  ],
  "fn": "certifi-2025.6.15-py311haa95532_0.conda",
  "license": "MPL-2.0",
  "link": {
    "source": "C:\\Users\\vicayo\\anaconda3\\pkgs\\certifi-2025.6.15-py311haa95532_0",
    "type": 1
  },
  "md5": "36384e18d8651542d5a39089b82c4e61",
  "name": "certifi",
  "package_tarball_full_path": "C:\\Users\\vicayo\\anaconda3\\pkgs\\certifi-2025.6.15-py311haa95532_0.conda",
  "paths_data": {
    "paths": [
      {
        "_path": "Lib/site-packages/certifi-2025.6.15.dist-info/INSTALLER",
        "path_type": "hardlink",
        "sha256": "d0edee15f91b406f3f99726e44eb990be6e34fd0345b52b910c568e0eef6a2a8",
        "sha256_in_prefix": "d0edee15f91b406f3f99726e44eb990be6e34fd0345b52b910c568e0eef6a2a8",
        "size_in_bytes": 5
      },
      {
        "_path": "Lib/site-packages/certifi-2025.6.15.dist-info/LICENSE",
        "path_type": "hardlink",
        "sha256": "e93716da6b9c0d5a4a1df60fe695b370f0695603d21f6f83f053e42cfc10caf7",
        "sha256_in_prefix": "e93716da6b9c0d5a4a1df60fe695b370f0695603d21f6f83f053e42cfc10caf7",
        "size_in_bytes": 989
      },
      {
        "_path": "Lib/site-packages/certifi-2025.6.15.dist-info/METADATA",
        "path_type": "hardlink",
        "sha256": "92fc4f50853c1b4f218759e3b5ef35b0a904a903d9dafa8b941ce9fc9da44cbe",
        "sha256_in_prefix": "92fc4f50853c1b4f218759e3b5ef35b0a904a903d9dafa8b941ce9fc9da44cbe",
        "size_in_bytes": 2290
      },
      {
        "_path": "Lib/site-packages/certifi-2025.6.15.dist-info/RECORD",
        "path_type": "hardlink",
        "sha256": "010233455e611c2997799e77816a9b0b1a138df85f2a5b66146106e4efb6521c",
        "sha256_in_prefix": "010233455e611c2997799e77816a9b0b1a138df85f2a5b66146106e4efb6521c",
        "size_in_bytes": 1205
      },
      {
        "_path": "Lib/site-packages/certifi-2025.6.15.dist-info/REQUESTED",
        "path_type": "hardlink",
        "sha256": "e3b0c44298fc1c149afbf4c8996fb92427ae41e4649b934ca495991b7852b855",
        "sha256_in_prefix": "e3b0c44298fc1c149afbf4c8996fb92427ae41e4649b934ca495991b7852b855",
        "size_in_bytes": 0
      },
      {
        "_path": "Lib/site-packages/certifi-2025.6.15.dist-info/WHEEL",
        "path_type": "hardlink",
        "sha256": "3d9504c5d7fbd548bfb28ebb417a724ae1ed0a2dfe277c2f1783912ba93f4bc5",
        "sha256_in_prefix": "3d9504c5d7fbd548bfb28ebb417a724ae1ed0a2dfe277c2f1783912ba93f4bc5",
        "size_in_bytes": 91
      },
      {
        "_path": "Lib/site-packages/certifi-2025.6.15.dist-info/direct_url.json",
        "path_type": "hardlink",
        "sha256": "ced7869b5a62079c44ac7da83a6e590924c724be5706876d63af94c8c570dad1",
        "sha256_in_prefix": "ced7869b5a62079c44ac7da83a6e590924c724be5706876d63af94c8c570dad1",
        "size_in_bytes": 95
      },
      {
        "_path": "Lib/site-packages/certifi-2025.6.15.dist-info/top_level.txt",
        "path_type": "hardlink",
        "sha256": "28cbb8bd409fb232eb90f6d235d81d7a44bea552730402453bffe723c345ebe5",
        "sha256_in_prefix": "28cbb8bd409fb232eb90f6d235d81d7a44bea552730402453bffe723c345ebe5",
        "size_in_bytes": 8
      },
      {
        "_path": "Lib/site-packages/certifi/__init__.py",
        "path_type": "hardlink",
        "sha256": "1fcb5ae6bc8106c26bcd8a13925032cebcecbbe75995f9322f9fda3eae6fbc53",
        "sha256_in_prefix": "1fcb5ae6bc8106c26bcd8a13925032cebcecbbe75995f9322f9fda3eae6fbc53",
        "size_in_bytes": 94
      },
      {
        "_path": "Lib/site-packages/certifi/__main__.py",
        "path_type": "hardlink",
        "sha256": "c410688fdd394d45812d118034e71fee88ba7beddd30fe1c1281bd3b232cd758",
        "sha256_in_prefix": "c410688fdd394d45812d118034e71fee88ba7beddd30fe1c1281bd3b232cd758",
        "size_in_bytes": 243
      },
      {
        "_path": "Lib/site-packages/certifi/__pycache__/__init__.cpython-311.pyc",
        "path_type": "hardlink",
        "sha256": "623741900db24f466dc74b8e71abb39a6a2a2b67947a262c4fbdb8d0b66df958",
        "sha256_in_prefix": "623741900db24f466dc74b8e71abb39a6a2a2b67947a262c4fbdb8d0b66df958",
        "size_in_bytes": 288
      },
      {
        "_path": "Lib/site-packages/certifi/__pycache__/__main__.cpython-311.pyc",
        "path_type": "hardlink",
        "sha256": "2949ea7de62da467c619c2ee8f1f1c4b3232ae0a59042c834a36d80bcb9a2906",
        "sha256_in_prefix": "2949ea7de62da467c619c2ee8f1f1c4b3232ae0a59042c834a36d80bcb9a2906",
        "size_in_bytes": 677
      },
      {
        "_path": "Lib/site-packages/certifi/__pycache__/core.cpython-311.pyc",
        "path_type": "hardlink",
        "sha256": "018bef1561f91ffc8371c607a0fbdb981d52283ee0bcfc2f454b8b8ba566652b",
        "sha256_in_prefix": "018bef1561f91ffc8371c607a0fbdb981d52283ee0bcfc2f454b8b8ba566652b",
        "size_in_bytes": 2347
      },
      {
        "_path": "Lib/site-packages/certifi/cacert.pem",
        "path_type": "hardlink",
        "sha256": "b1cdd2d665758ef49d08f40ea13e1a826e5f0412e9e0940c921ed1021464cdc2",
        "sha256_in_prefix": "b1cdd2d665758ef49d08f40ea13e1a826e5f0412e9e0940c921ed1021464cdc2",
        "size_in_bytes": 281225
      },
      {
        "_path": "Lib/site-packages/certifi/core.py",
        "path_type": "hardlink",
        "sha256": "5c55f2727746e697f7edac9e17c377d8752e0da7ecca191531b3b80403d61dad",
        "sha256_in_prefix": "5c55f2727746e697f7edac9e17c377d8752e0da7ecca191531b3b80403d61dad",
        "size_in_bytes": 3394
      },
      {
        "_path": "Lib/site-packages/certifi/py.typed",
        "path_type": "hardlink",
        "sha256": "e3b0c44298fc1c149afbf4c8996fb92427ae41e4649b934ca495991b7852b855",
        "sha256_in_prefix": "e3b0c44298fc1c149afbf4c8996fb92427ae41e4649b934ca495991b7852b855",
        "size_in_bytes": 0
      }
    ],
    "paths_version": 1
  },
  "requested_spec": "None",
  "sha256": "f8216e9c3a6ad746a18d83bbd4d1b5e0edcbf9c45eb10983ff31a57802a4ff88",
  "size": 160532,
  "subdir": "win-64",
  "timestamp": 1750864101000,
  "url": "https://repo.anaconda.com/pkgs/main/win-64/certifi-2025.6.15-py311haa95532_0.conda",
  "version": "2025.6.15"
}