{
  "build": "py311h827c3e9_1",
  "build_number": 1,
  "channel": "https://repo.anaconda.com/pkgs/main/win-64",
  "constrains": [],
  "depends": [
    "pycparser",
    "python >=3.11,<3.12.0a0",
    "vc >=14.2,<15.0a0",
    "vs2015_runtime >=14.29.30133,<15.0a0"
  ],
  "extracted_package_dir": "C:\\Users\\vicayo\\anaconda3\\pkgs\\cffi-1.17.1-py311h827c3e9_1",
  "files": [
    "Lib/site-packages/_cffi_backend.cp311-win_amd64.pyd",
    "Lib/site-packages/cffi-1.17.1.dist-info/INSTALLER",
    "Lib/site-packages/cffi-1.17.1.dist-info/LICENSE",
    "Lib/site-packages/cffi-1.17.1.dist-info/METADATA",
    "Lib/site-packages/cffi-1.17.1.dist-info/RECORD",
    "Lib/site-packages/cffi-1.17.1.dist-info/REQUESTED",
    "Lib/site-packages/cffi-1.17.1.dist-info/WHEEL",
    "Lib/site-packages/cffi-1.17.1.dist-info/direct_url.json",
    "Lib/site-packages/cffi-1.17.1.dist-info/entry_points.txt",
    "Lib/site-packages/cffi-1.17.1.dist-info/top_level.txt",
    "Lib/site-packages/cffi/__init__.py",
    "Lib/site-packages/cffi/__pycache__/__init__.cpython-311.pyc",
    "Lib/site-packages/cffi/__pycache__/_imp_emulation.cpython-311.pyc",
    "Lib/site-packages/cffi/__pycache__/_shimmed_dist_utils.cpython-311.pyc",
    "Lib/site-packages/cffi/__pycache__/api.cpython-311.pyc",
    "Lib/site-packages/cffi/__pycache__/backend_ctypes.cpython-311.pyc",
    "Lib/site-packages/cffi/__pycache__/cffi_opcode.cpython-311.pyc",
    "Lib/site-packages/cffi/__pycache__/commontypes.cpython-311.pyc",
    "Lib/site-packages/cffi/__pycache__/cparser.cpython-311.pyc",
    "Lib/site-packages/cffi/__pycache__/error.cpython-311.pyc",
    "Lib/site-packages/cffi/__pycache__/ffiplatform.cpython-311.pyc",
    "Lib/site-packages/cffi/__pycache__/lock.cpython-311.pyc",
    "Lib/site-packages/cffi/__pycache__/model.cpython-311.pyc",
    "Lib/site-packages/cffi/__pycache__/pkgconfig.cpython-311.pyc",
    "Lib/site-packages/cffi/__pycache__/recompiler.cpython-311.pyc",
    "Lib/site-packages/cffi/__pycache__/setuptools_ext.cpython-311.pyc",
    "Lib/site-packages/cffi/__pycache__/vengine_cpy.cpython-311.pyc",
    "Lib/site-packages/cffi/__pycache__/vengine_gen.cpython-311.pyc",
    "Lib/site-packages/cffi/__pycache__/verifier.cpython-311.pyc",
    "Lib/site-packages/cffi/_cffi_errors.h",
    "Lib/site-packages/cffi/_cffi_include.h",
    "Lib/site-packages/cffi/_embedding.h",
    "Lib/site-packages/cffi/_imp_emulation.py",
    "Lib/site-packages/cffi/_shimmed_dist_utils.py",
    "Lib/site-packages/cffi/api.py",
    "Lib/site-packages/cffi/backend_ctypes.py",
    "Lib/site-packages/cffi/cffi_opcode.py",
    "Lib/site-packages/cffi/commontypes.py",
    "Lib/site-packages/cffi/cparser.py",
    "Lib/site-packages/cffi/error.py",
    "Lib/site-packages/cffi/ffiplatform.py",
    "Lib/site-packages/cffi/lock.py",
    "Lib/site-packages/cffi/model.py",
    "Lib/site-packages/cffi/parse_c_type.h",
    "Lib/site-packages/cffi/pkgconfig.py",
    "Lib/site-packages/cffi/recompiler.py",
    "Lib/site-packages/cffi/setuptools_ext.py",
    "Lib/site-packages/cffi/vengine_cpy.py",
    "Lib/site-packages/cffi/vengine_gen.py",
    "Lib/site-packages/cffi/verifier.py",
    ".nonadmin"
  ],
  "fn": "cffi-1.17.1-py311h827c3e9_1.conda",
  "license": "MIT",
  "link": {
    "source": "C:\\Users\\vicayo\\anaconda3\\pkgs\\cffi-1.17.1-py311h827c3e9_1",
    "type": 1
  },
  "md5": "f3295a01a0536d35aab47c2108132cca",
  "name": "cffi",
  "package_tarball_full_path": "C:\\Users\\vicayo\\anaconda3\\pkgs\\cffi-1.17.1-py311h827c3e9_1.conda",
  "paths_data": {
    "paths": [
      {
        "_path": "Lib/site-packages/_cffi_backend.cp311-win_amd64.pyd",
        "path_type": "hardlink",
        "sha256": "6d737a63f15f08f824fa3012722fba8a78d104223e390c15c9530ea088324a3d",
        "sha256_in_prefix": "6d737a63f15f08f824fa3012722fba8a78d104223e390c15c9530ea088324a3d",
        "size_in_bytes": 193808
      },
      {
        "_path": "Lib/site-packages/cffi-1.17.1.dist-info/INSTALLER",
        "path_type": "hardlink",
        "sha256": "d0edee15f91b406f3f99726e44eb990be6e34fd0345b52b910c568e0eef6a2a8",
        "sha256_in_prefix": "d0edee15f91b406f3f99726e44eb990be6e34fd0345b52b910c568e0eef6a2a8",
        "size_in_bytes": 5
      },
      {
        "_path": "Lib/site-packages/cffi-1.17.1.dist-info/LICENSE",
        "path_type": "hardlink",
        "sha256": "04b80f5b077bbed68808cfebadeb5e3523f2a8c9a96495c587bd96df1eac2a33",
        "sha256_in_prefix": "04b80f5b077bbed68808cfebadeb5e3523f2a8c9a96495c587bd96df1eac2a33",
        "size_in_bytes": 1294
      },
      {
        "_path": "Lib/site-packages/cffi-1.17.1.dist-info/METADATA",
        "path_type": "hardlink",
        "sha256": "6af26bbe8fa450dc7a897244699563197372e36412f987e334774975e8819457",
        "sha256_in_prefix": "6af26bbe8fa450dc7a897244699563197372e36412f987e334774975e8819457",
        "size_in_bytes": 1571
      },
      {
        "_path": "Lib/site-packages/cffi-1.17.1.dist-info/RECORD",
        "path_type": "hardlink",
        "sha256": "700dc2453f9d4a21ec9d4c2d49ad657baa3b11248cc9f637402631cea0ce6d1f",
        "sha256_in_prefix": "700dc2453f9d4a21ec9d4c2d49ad657baa3b11248cc9f637402631cea0ce6d1f",
        "size_in_bytes": 3352
      },
      {
        "_path": "Lib/site-packages/cffi-1.17.1.dist-info/REQUESTED",
        "path_type": "hardlink",
        "sha256": "e3b0c44298fc1c149afbf4c8996fb92427ae41e4649b934ca495991b7852b855",
        "sha256_in_prefix": "e3b0c44298fc1c149afbf4c8996fb92427ae41e4649b934ca495991b7852b855",
        "size_in_bytes": 0
      },
      {
        "_path": "Lib/site-packages/cffi-1.17.1.dist-info/WHEEL",
        "path_type": "hardlink",
        "sha256": "a96e110f5adf1e6f194548c96d75276470cd3c25c7b7a46ad26811f25bff2448",
        "sha256_in_prefix": "a96e110f5adf1e6f194548c96d75276470cd3c25c7b7a46ad26811f25bff2448",
        "size_in_bytes": 101
      },
      {
        "_path": "Lib/site-packages/cffi-1.17.1.dist-info/direct_url.json",
        "path_type": "hardlink",
        "sha256": "89a8ecbf3629a31d473ef178bb04631af4dfbbf731204b4f53bdbc586be591dc",
        "sha256_in_prefix": "89a8ecbf3629a31d473ef178bb04631af4dfbbf731204b4f53bdbc586be591dc",
        "size_in_bytes": 84
      },
      {
        "_path": "Lib/site-packages/cffi-1.17.1.dist-info/entry_points.txt",
        "path_type": "hardlink",
        "sha256": "cba8d3c67c9eb8b9cbf9725c0eff2e30bde7eb0c98886460f0c4e9fd0189f47a",
        "sha256_in_prefix": "cba8d3c67c9eb8b9cbf9725c0eff2e30bde7eb0c98886460f0c4e9fd0189f47a",
        "size_in_bytes": 75
      },
      {
        "_path": "Lib/site-packages/cffi-1.17.1.dist-info/top_level.txt",
        "path_type": "hardlink",
        "sha256": "ac4ed6477ad97cd2b1588f7e8e7ea1b0708097b303901f859ae41bc568c57a14",
        "sha256_in_prefix": "ac4ed6477ad97cd2b1588f7e8e7ea1b0708097b303901f859ae41bc568c57a14",
        "size_in_bytes": 19
      },
      {
        "_path": "Lib/site-packages/cffi/__init__.py",
        "path_type": "hardlink",
        "sha256": "1fab7f79bbdae84787a54b88b452d6d606d1a7de1e6513493832da58a75bc752",
        "sha256_in_prefix": "1fab7f79bbdae84787a54b88b452d6d606d1a7de1e6513493832da58a75bc752",
        "size_in_bytes": 513
      },
      {
        "_path": "Lib/site-packages/cffi/__pycache__/__init__.cpython-311.pyc",
        "path_type": "hardlink",
        "sha256": "37cad2794765a651bc06bf6b3cedb3f5d5be9554b430d1c8b40682e2a69e125c",
        "sha256_in_prefix": "37cad2794765a651bc06bf6b3cedb3f5d5be9554b430d1c8b40682e2a69e125c",
        "size_in_bytes": 578
      },
      {
        "_path": "Lib/site-packages/cffi/__pycache__/_imp_emulation.cpython-311.pyc",
        "path_type": "hardlink",
        "sha256": "6229effdc1900e98ea36c2af2086eeab6fa505a8330f38bc6b6467379e9755a1",
        "sha256_in_prefix": "6229effdc1900e98ea36c2af2086eeab6fa505a8330f38bc6b6467379e9755a1",
        "size_in_bytes": 4663
      },
      {
        "_path": "Lib/site-packages/cffi/__pycache__/_shimmed_dist_utils.cpython-311.pyc",
        "path_type": "hardlink",
        "sha256": "bfa331464dea1ddfc7c188ef5811328bc307e6497291ddc312c75144781c75d8",
        "sha256_in_prefix": "bfa331464dea1ddfc7c188ef5811328bc307e6497291ddc312c75144781c75d8",
        "size_in_bytes": 2269
      },
      {
        "_path": "Lib/site-packages/cffi/__pycache__/api.cpython-311.pyc",
        "path_type": "hardlink",
        "sha256": "64ee9f319d1767319d61461a27223480e1b171b331a74c76e331e4d361c9eb32",
        "sha256_in_prefix": "64ee9f319d1767319d61461a27223480e1b171b331a74c76e331e4d361c9eb32",
        "size_in_bytes": 55573
      },
      {
        "_path": "Lib/site-packages/cffi/__pycache__/backend_ctypes.cpython-311.pyc",
        "path_type": "hardlink",
        "sha256": "300648d5e16de502465bce5a4437656484a7b0e62cedffd8c1893c59597c4163",
        "sha256_in_prefix": "300648d5e16de502465bce5a4437656484a7b0e62cedffd8c1893c59597c4163",
        "size_in_bytes": 71857
      },
      {
        "_path": "Lib/site-packages/cffi/__pycache__/cffi_opcode.cpython-311.pyc",
        "path_type": "hardlink",
        "sha256": "a82906c2c510a78a4615168dace0a693d573cce8758efe8b28168db5f076b3c8",
        "sha256_in_prefix": "a82906c2c510a78a4615168dace0a693d573cce8758efe8b28168db5f076b3c8",
        "size_in_bytes": 7091
      },
      {
        "_path": "Lib/site-packages/cffi/__pycache__/commontypes.cpython-311.pyc",
        "path_type": "hardlink",
        "sha256": "6170dea363f2050c5027a966e9cfd9a20787152debfc7d9febb7678520d6dd5a",
        "sha256_in_prefix": "6170dea363f2050c5027a966e9cfd9a20787152debfc7d9febb7678520d6dd5a",
        "size_in_bytes": 3253
      },
      {
        "_path": "Lib/site-packages/cffi/__pycache__/cparser.cpython-311.pyc",
        "path_type": "hardlink",
        "sha256": "a788915aeba75b5f3b1da10cc93c5cebdff09138c1e776f11d4b7619ccb0b103",
        "sha256_in_prefix": "a788915aeba75b5f3b1da10cc93c5cebdff09138c1e776f11d4b7619ccb0b103",
        "size_in_bytes": 50003
      },
      {
        "_path": "Lib/site-packages/cffi/__pycache__/error.cpython-311.pyc",
        "path_type": "hardlink",
        "sha256": "785511e4b8a25d872d00e3bbd370beec7af0c39101320574fbb83c0537954663",
        "sha256_in_prefix": "785511e4b8a25d872d00e3bbd370beec7af0c39101320574fbb83c0537954663",
        "size_in_bytes": 2076
      },
      {
        "_path": "Lib/site-packages/cffi/__pycache__/ffiplatform.cpython-311.pyc",
        "path_type": "hardlink",
        "sha256": "5982cdddb81be37cdac88034257f224ccc52b0c323d8ca618b7c9ad5d6742b43",
        "sha256_in_prefix": "5982cdddb81be37cdac88034257f224ccc52b0c323d8ca618b7c9ad5d6742b43",
        "size_in_bytes": 6571
      },
      {
        "_path": "Lib/site-packages/cffi/__pycache__/lock.cpython-311.pyc",
        "path_type": "hardlink",
        "sha256": "877d48b46a8b6c211daaaa2864da3f00bfeab46021a198419fc9ddea7ba36331",
        "sha256_in_prefix": "877d48b46a8b6c211daaaa2864da3f00bfeab46021a198419fc9ddea7ba36331",
        "size_in_bytes": 588
      },
      {
        "_path": "Lib/site-packages/cffi/__pycache__/model.cpython-311.pyc",
        "path_type": "hardlink",
        "sha256": "52b3defa24994436e87d95f2107548a4131568382767b697f3ed61a3f49d58b5",
        "sha256_in_prefix": "52b3defa24994436e87d95f2107548a4131568382767b697f3ed61a3f49d58b5",
        "size_in_bytes": 33833
      },
      {
        "_path": "Lib/site-packages/cffi/__pycache__/pkgconfig.cpython-311.pyc",
        "path_type": "hardlink",
        "sha256": "e73121d7d1594fa109fe58077e890827bb48d1faf158d7f61fef48e57483d544",
        "sha256_in_prefix": "e73121d7d1594fa109fe58077e890827bb48d1faf158d7f61fef48e57483d544",
        "size_in_bytes": 8083
      },
      {
        "_path": "Lib/site-packages/cffi/__pycache__/recompiler.cpython-311.pyc",
        "path_type": "hardlink",
        "sha256": "f482c3677b1e0eaa84958aff67a076025f48b83380472ff5edea03d9ddd7e11b",
        "sha256_in_prefix": "f482c3677b1e0eaa84958aff67a076025f48b83380472ff5edea03d9ddd7e11b",
        "size_in_bytes": 90276
      },
      {
        "_path": "Lib/site-packages/cffi/__pycache__/setuptools_ext.cpython-311.pyc",
        "path_type": "hardlink",
        "sha256": "c99c58d182bba1a522d5d0d3c130c31f75b72cef15f1b23da245b26fdad30a9e",
        "sha256_in_prefix": "c99c58d182bba1a522d5d0d3c130c31f75b72cef15f1b23da245b26fdad30a9e",
        "size_in_bytes": 12551
      },
      {
        "_path": "Lib/site-packages/cffi/__pycache__/vengine_cpy.cpython-311.pyc",
        "path_type": "hardlink",
        "sha256": "7c0b27225fe676c812b57fc5dfa903c80b191124154609cc62b42c8ab84eb46d",
        "sha256_in_prefix": "7c0b27225fe676c812b57fc5dfa903c80b191124154609cc62b42c8ab84eb46d",
        "size_in_bytes": 57208
      },
      {
        "_path": "Lib/site-packages/cffi/__pycache__/vengine_gen.cpython-311.pyc",
        "path_type": "hardlink",
        "sha256": "02aa14eef3b18849d7cd76a5ebd668bbb9dd92880f9f2a489026c641eeace13c",
        "sha256_in_prefix": "02aa14eef3b18849d7cd76a5ebd668bbb9dd92880f9f2a489026c641eeace13c",
        "size_in_bytes": 38306
      },
      {
        "_path": "Lib/site-packages/cffi/__pycache__/verifier.cpython-311.pyc",
        "path_type": "hardlink",
        "sha256": "b96fa0cab9f0d0005d5bb5aefcc798ecbab7899068cc4cc878c7ca6757238cef",
        "sha256_in_prefix": "b96fa0cab9f0d0005d5bb5aefcc798ecbab7899068cc4cc878c7ca6757238cef",
        "size_in_bytes": 18040
      },
      {
        "_path": "Lib/site-packages/cffi/_cffi_errors.h",
        "path_type": "hardlink",
        "sha256": "cd05edeee47f9bc8145be7c8da1260d0aa129091705eff111949040d9d7bedd4",
        "sha256_in_prefix": "cd05edeee47f9bc8145be7c8da1260d0aa129091705eff111949040d9d7bedd4",
        "size_in_bytes": 3908
      },
      {
        "_path": "Lib/site-packages/cffi/_cffi_include.h",
        "path_type": "hardlink",
        "sha256": "131866826f6acc75b35a2be37d37b40fb5e9e2b3d4915c5d36ec0684c4cccdbc",
        "sha256_in_prefix": "131866826f6acc75b35a2be37d37b40fb5e9e2b3d4915c5d36ec0684c4cccdbc",
        "size_in_bytes": 15055
      },
      {
        "_path": "Lib/site-packages/cffi/_embedding.h",
        "path_type": "hardlink",
        "sha256": "1032b0e50acbbd0a1edeea2c5c1dc7d713d54d8c6c9f7dde577038df3b00fc5c",
        "sha256_in_prefix": "1032b0e50acbbd0a1edeea2c5c1dc7d713d54d8c6c9f7dde577038df3b00fc5c",
        "size_in_bytes": 18787
      },
      {
        "_path": "Lib/site-packages/cffi/_imp_emulation.py",
        "path_type": "hardlink",
        "sha256": "4714441bccc06c8d913c6070c3dd2eff97e2f2c59d6a1a5d8a93a83f3929ec2d",
        "sha256_in_prefix": "4714441bccc06c8d913c6070c3dd2eff97e2f2c59d6a1a5d8a93a83f3929ec2d",
        "size_in_bytes": 2960
      },
      {
        "_path": "Lib/site-packages/cffi/_shimmed_dist_utils.py",
        "path_type": "hardlink",
        "sha256": "0638f6c26f3265bbc5bd6131e4011f9aa6aa6726458587e8c8b2d01e45d9b9aa",
        "sha256_in_prefix": "0638f6c26f3265bbc5bd6131e4011f9aa6aa6726458587e8c8b2d01e45d9b9aa",
        "size_in_bytes": 2230
      },
      {
        "_path": "Lib/site-packages/cffi/api.py",
        "path_type": "hardlink",
        "sha256": "6a506fea1650923a66669941a6175a467da53cef7e08e46cfccee2c5a6ef6562",
        "sha256_in_prefix": "6a506fea1650923a66669941a6175a467da53cef7e08e46cfccee2c5a6ef6562",
        "size_in_bytes": 42169
      },
      {
        "_path": "Lib/site-packages/cffi/backend_ctypes.py",
        "path_type": "hardlink",
        "sha256": "879648ccb73a0455579c6c9cf713ea656512eea1b2ef21520ea5deebc49af33e",
        "sha256_in_prefix": "879648ccb73a0455579c6c9cf713ea656512eea1b2ef21520ea5deebc49af33e",
        "size_in_bytes": 42454
      },
      {
        "_path": "Lib/site-packages/cffi/cffi_opcode.py",
        "path_type": "hardlink",
        "sha256": "243579974474fce69d057fee13bc4f3d362d31d9a9a7c23d51877a6afeda8835",
        "sha256_in_prefix": "243579974474fce69d057fee13bc4f3d362d31d9a9a7c23d51877a6afeda8835",
        "size_in_bytes": 5731
      },
      {
        "_path": "Lib/site-packages/cffi/commontypes.py",
        "path_type": "hardlink",
        "sha256": "ecdeb33ed08596fc57316847574f29b148dd6082b65e0b0ddf2a39760b9afefe",
        "sha256_in_prefix": "ecdeb33ed08596fc57316847574f29b148dd6082b65e0b0ddf2a39760b9afefe",
        "size_in_bytes": 2805
      },
      {
        "_path": "Lib/site-packages/cffi/cparser.py",
        "path_type": "hardlink",
        "sha256": "d2a237984cd948d55c09a9e0a325cea0070bf9186940bd3c786f3bf7c4f4db8b",
        "sha256_in_prefix": "d2a237984cd948d55c09a9e0a325cea0070bf9186940bd3c786f3bf7c4f4db8b",
        "size_in_bytes": 44789
      },
      {
        "_path": "Lib/site-packages/cffi/error.py",
        "path_type": "hardlink",
        "sha256": "bfac53892e14d24bc3732e21fc10d1a39bf7f5942e8fe20c4582efe444dd759b",
        "sha256_in_prefix": "bfac53892e14d24bc3732e21fc10d1a39bf7f5942e8fe20c4582efe444dd759b",
        "size_in_bytes": 877
      },
      {
        "_path": "Lib/site-packages/cffi/ffiplatform.py",
        "path_type": "hardlink",
        "sha256": "6afc458dd8a460626812d9893bb7b0566c06fd511597a119fd668d859602aafe",
        "sha256_in_prefix": "6afc458dd8a460626812d9893bb7b0566c06fd511597a119fd668d859602aafe",
        "size_in_bytes": 3584
      },
      {
        "_path": "Lib/site-packages/cffi/lock.py",
        "path_type": "hardlink",
        "sha256": "97d4d37703083298ba8c39091a742013d72f4c847b0809ed209afc1061edde96",
        "sha256_in_prefix": "97d4d37703083298ba8c39091a742013d72f4c847b0809ed209afc1061edde96",
        "size_in_bytes": 747
      },
      {
        "_path": "Lib/site-packages/cffi/model.py",
        "path_type": "hardlink",
        "sha256": "5b7d14150644ef78cbe4cc7937cd584fbeeeb365b68898d39b45d87e7c33d5c8",
        "sha256_in_prefix": "5b7d14150644ef78cbe4cc7937cd584fbeeeb365b68898d39b45d87e7c33d5c8",
        "size_in_bytes": 21797
      },
      {
        "_path": "Lib/site-packages/cffi/parse_c_type.h",
        "path_type": "hardlink",
        "sha256": "39dc107f033d92dababe5081e377b11509b10c1b63d8c04d74af0b625d79b63c",
        "sha256_in_prefix": "39dc107f033d92dababe5081e377b11509b10c1b63d8c04d74af0b625d79b63c",
        "size_in_bytes": 5976
      },
      {
        "_path": "Lib/site-packages/cffi/pkgconfig.py",
        "path_type": "hardlink",
        "sha256": "2cfd70eef996be62b0caa2da535676e3714e58635032b80c519aef805b8e95ca",
        "sha256_in_prefix": "2cfd70eef996be62b0caa2da535676e3714e58635032b80c519aef805b8e95ca",
        "size_in_bytes": 4374
      },
      {
        "_path": "Lib/site-packages/cffi/recompiler.py",
        "path_type": "hardlink",
        "sha256": "b229b84e6ee56a6b76267f2ecca374c0c629e8e0c1ca4de0ee87f8efe87d2c3e",
        "sha256_in_prefix": "b229b84e6ee56a6b76267f2ecca374c0c629e8e0c1ca4de0ee87f8efe87d2c3e",
        "size_in_bytes": 65367
      },
      {
        "_path": "Lib/site-packages/cffi/setuptools_ext.py",
        "path_type": "hardlink",
        "sha256": "f9e6e3efd94edbf0141fe91171a8dada9298d59ff9b65a06c2c260ccaf0fdc27",
        "sha256_in_prefix": "f9e6e3efd94edbf0141fe91171a8dada9298d59ff9b65a06c2c260ccaf0fdc27",
        "size_in_bytes": 8871
      },
      {
        "_path": "Lib/site-packages/cffi/vengine_cpy.py",
        "path_type": "hardlink",
        "sha256": "f146a04fa6443997fa0e3bbbfc27cdba5b9ef029ec1cb133258867a94868174e",
        "sha256_in_prefix": "f146a04fa6443997fa0e3bbbfc27cdba5b9ef029ec1cb133258867a94868174e",
        "size_in_bytes": 43752
      },
      {
        "_path": "Lib/site-packages/cffi/vengine_gen.py",
        "path_type": "hardlink",
        "sha256": "0d494422b0e25629f53e7867d6c7e86a69d2e4d2ea7c970e76146879235e2518",
        "sha256_in_prefix": "0d494422b0e25629f53e7867d6c7e86a69d2e4d2ea7c970e76146879235e2518",
        "size_in_bytes": 26939
      },
      {
        "_path": "Lib/site-packages/cffi/verifier.py",
        "path_type": "hardlink",
        "sha256": "a17f23a5aa21836426dda1dcce789d01dbeb566e4de2c4181b46b7128e66225e",
        "sha256_in_prefix": "a17f23a5aa21836426dda1dcce789d01dbeb566e4de2c4181b46b7128e66225e",
        "size_in_bytes": 11182
      }
    ],
    "paths_version": 1
  },
  "requested_spec": "None",
  "sha256": "91cc06655f904c4aeb14c040ac03f65d4e3b3b71f5f0c3cb4d0f81301bc97df0",
  "size": 322922,
  "subdir": "win-64",
  "timestamp": 1736184391000,
  "url": "https://repo.anaconda.com/pkgs/main/win-64/cffi-1.17.1-py311h827c3e9_1.conda",
  "version": "1.17.1"
}