{
  "build": "py311haa95532_0",
  "build_number": 0,
  "channel": "https://repo.anaconda.com/pkgs/main/win-64",
  "constrains": [],
  "depends": [
    "python >=3.11,<3.12.0a0"
  ],
  "extracted_package_dir": "C:\\Users\\vicayo\\anaconda3\\pkgs\\colorama-0.4.6-py311haa95532_0",
  "files": [
    "Lib/site-packages/colorama-0.4.6.dist-info/INSTALLER",
    "Lib/site-packages/colorama-0.4.6.dist-info/METADATA",
    "Lib/site-packages/colorama-0.4.6.dist-info/RECORD",
    "Lib/site-packages/colorama-0.4.6.dist-info/REQUESTED",
    "Lib/site-packages/colorama-0.4.6.dist-info/WHEEL",
    "Lib/site-packages/colorama-0.4.6.dist-info/direct_url.json",
    "Lib/site-packages/colorama-0.4.6.dist-info/licenses/LICENSE.txt",
    "Lib/site-packages/colorama/__init__.py",
    "Lib/site-packages/colorama/__pycache__/__init__.cpython-311.pyc",
    "Lib/site-packages/colorama/__pycache__/ansi.cpython-311.pyc",
    "Lib/site-packages/colorama/__pycache__/ansitowin32.cpython-311.pyc",
    "Lib/site-packages/colorama/__pycache__/initialise.cpython-311.pyc",
    "Lib/site-packages/colorama/__pycache__/win32.cpython-311.pyc",
    "Lib/site-packages/colorama/__pycache__/winterm.cpython-311.pyc",
    "Lib/site-packages/colorama/ansi.py",
    "Lib/site-packages/colorama/ansitowin32.py",
    "Lib/site-packages/colorama/initialise.py",
    "Lib/site-packages/colorama/win32.py",
    "Lib/site-packages/colorama/winterm.py",
    ".nonadmin"
  ],
  "fn": "colorama-0.4.6-py311haa95532_0.conda",
  "license": "BSD-3-Clause",
  "link": {
    "source": "C:\\Users\\vicayo\\anaconda3\\pkgs\\colorama-0.4.6-py311haa95532_0",
    "type": 1
  },
  "md5": "55b2cd205f6364edfc2bb8e127bf1452",
  "name": "colorama",
  "package_tarball_full_path": "C:\\Users\\vicayo\\anaconda3\\pkgs\\colorama-0.4.6-py311haa95532_0.conda",
  "paths_data": {
    "paths": [
      {
        "_path": "Lib/site-packages/colorama-0.4.6.dist-info/INSTALLER",
        "path_type": "hardlink",
        "sha256": "d0edee15f91b406f3f99726e44eb990be6e34fd0345b52b910c568e0eef6a2a8",
        "sha256_in_prefix": "d0edee15f91b406f3f99726e44eb990be6e34fd0345b52b910c568e0eef6a2a8",
        "size_in_bytes": 5
      },
      {
        "_path": "Lib/site-packages/colorama-0.4.6.dist-info/METADATA",
        "path_type": "hardlink",
        "sha256": "da867dd8cab14ba33b72004d4c488d4527d823b2f5c5d719fb7087cded56d92f",
        "sha256_in_prefix": "da867dd8cab14ba33b72004d4c488d4527d823b2f5c5d719fb7087cded56d92f",
        "size_in_bytes": 17132
      },
      {
        "_path": "Lib/site-packages/colorama-0.4.6.dist-info/RECORD",
        "path_type": "hardlink",
        "sha256": "0fc85937efd89cf5beef448582b76c79304dc2a36d8b24cbaa5ca19a364bd7b1",
        "sha256_in_prefix": "0fc85937efd89cf5beef448582b76c79304dc2a36d8b24cbaa5ca19a364bd7b1",
        "size_in_bytes": 1347
      },
      {
        "_path": "Lib/site-packages/colorama-0.4.6.dist-info/REQUESTED",
        "path_type": "hardlink",
        "sha256": "e3b0c44298fc1c149afbf4c8996fb92427ae41e4649b934ca495991b7852b855",
        "sha256_in_prefix": "e3b0c44298fc1c149afbf4c8996fb92427ae41e4649b934ca495991b7852b855",
        "size_in_bytes": 0
      },
      {
        "_path": "Lib/site-packages/colorama-0.4.6.dist-info/WHEEL",
        "path_type": "hardlink",
        "sha256": "08c9bd8a60d9486a366d97a7a79112325accf6808e5e8f1b3446c67de9afe3c4",
        "sha256_in_prefix": "08c9bd8a60d9486a366d97a7a79112325accf6808e5e8f1b3446c67de9afe3c4",
        "size_in_bytes": 104
      },
      {
        "_path": "Lib/site-packages/colorama-0.4.6.dist-info/direct_url.json",
        "path_type": "hardlink",
        "sha256": "9b8e850262359bf999efad46b98fc81e4bef32e62ae81187b3e0aad36495f57d",
        "sha256_in_prefix": "9b8e850262359bf999efad46b98fc81e4bef32e62ae81187b3e0aad36495f57d",
        "size_in_bytes": 72
      },
      {
        "_path": "Lib/site-packages/colorama-0.4.6.dist-info/licenses/LICENSE.txt",
        "path_type": "hardlink",
        "sha256": "cac35c02686e5d04a5a7140bfb3b36e73aed496656e891102e428886d7930318",
        "sha256_in_prefix": "cac35c02686e5d04a5a7140bfb3b36e73aed496656e891102e428886d7930318",
        "size_in_bytes": 1491
      },
      {
        "_path": "Lib/site-packages/colorama/__init__.py",
        "path_type": "hardlink",
        "sha256": "c1e3d0038536d2d2a060047248b102d38eee70d5fe83ca512e9601ba21e52dbf",
        "sha256_in_prefix": "c1e3d0038536d2d2a060047248b102d38eee70d5fe83ca512e9601ba21e52dbf",
        "size_in_bytes": 266
      },
      {
        "_path": "Lib/site-packages/colorama/__pycache__/__init__.cpython-311.pyc",
        "path_type": "hardlink",
        "sha256": "4027bc0c6ab04797102daa8c69563bcf98be79e14673ae5cd2e72fe1b57d6273",
        "sha256_in_prefix": "4027bc0c6ab04797102daa8c69563bcf98be79e14673ae5cd2e72fe1b57d6273",
        "size_in_bytes": 522
      },
      {
        "_path": "Lib/site-packages/colorama/__pycache__/ansi.cpython-311.pyc",
        "path_type": "hardlink",
        "sha256": "d802c8b6113d9536291e67043e732f4ad5db449c6cb5a3b3bef27f84e411fe78",
        "sha256_in_prefix": "d802c8b6113d9536291e67043e732f4ad5db449c6cb5a3b3bef27f84e411fe78",
        "size_in_bytes": 4520
      },
      {
        "_path": "Lib/site-packages/colorama/__pycache__/ansitowin32.cpython-311.pyc",
        "path_type": "hardlink",
        "sha256": "6e7956a8b06bc097b8573b73b76fd5e10f0559e2a131d3dbe1af5064019cdba0",
        "sha256_in_prefix": "6e7956a8b06bc097b8573b73b76fd5e10f0559e2a131d3dbe1af5064019cdba0",
        "size_in_bytes": 16241
      },
      {
        "_path": "Lib/site-packages/colorama/__pycache__/initialise.cpython-311.pyc",
        "path_type": "hardlink",
        "sha256": "1822bd4d0bb19f99a4626944cd7b2bf8733d0d318a4adbf22a79993e068bd31d",
        "sha256_in_prefix": "1822bd4d0bb19f99a4626944cd7b2bf8733d0d318a4adbf22a79993e068bd31d",
        "size_in_bytes": 3911
      },
      {
        "_path": "Lib/site-packages/colorama/__pycache__/win32.cpython-311.pyc",
        "path_type": "hardlink",
        "sha256": "f5a4b0603276bd8977777d10b5c8bc68a47394ec4bda7d026a97edabf4422f28",
        "sha256_in_prefix": "f5a4b0603276bd8977777d10b5c8bc68a47394ec4bda7d026a97edabf4422f28",
        "size_in_bytes": 7877
      },
      {
        "_path": "Lib/site-packages/colorama/__pycache__/winterm.cpython-311.pyc",
        "path_type": "hardlink",
        "sha256": "a7f86befadf6df97788feb0f916c7c679744729cbaa9668c24e78b75ea790bd6",
        "sha256_in_prefix": "a7f86befadf6df97788feb0f916c7c679744729cbaa9668c24e78b75ea790bd6",
        "size_in_bytes": 9139
      },
      {
        "_path": "Lib/site-packages/colorama/ansi.py",
        "path_type": "hardlink",
        "sha256": "4e8a7811e12e69074159db5e28c11c18e4de29e175f50f96a3febf0a3e643b34",
        "sha256_in_prefix": "4e8a7811e12e69074159db5e28c11c18e4de29e175f50f96a3febf0a3e643b34",
        "size_in_bytes": 2522
      },
      {
        "_path": "Lib/site-packages/colorama/ansitowin32.py",
        "path_type": "hardlink",
        "sha256": "bcf3586b73996f18dbb85c9a568d139a19b2d4567594a3160a74fba1d5e922d9",
        "sha256_in_prefix": "bcf3586b73996f18dbb85c9a568d139a19b2d4567594a3160a74fba1d5e922d9",
        "size_in_bytes": 11128
      },
      {
        "_path": "Lib/site-packages/colorama/initialise.py",
        "path_type": "hardlink",
        "sha256": "fa1227cbce82957a37f62c61e624827d421ad9ffe1fdb80a4435bb82ab3e28b5",
        "sha256_in_prefix": "fa1227cbce82957a37f62c61e624827d421ad9ffe1fdb80a4435bb82ab3e28b5",
        "size_in_bytes": 3325
      },
      {
        "_path": "Lib/site-packages/colorama/win32.py",
        "path_type": "hardlink",
        "sha256": "61038ac0c4f0b4605bb18e1d2f91d84efc1378ff70210adae4cbcf35d769c59b",
        "sha256_in_prefix": "61038ac0c4f0b4605bb18e1d2f91d84efc1378ff70210adae4cbcf35d769c59b",
        "size_in_bytes": 6181
      },
      {
        "_path": "Lib/site-packages/colorama/winterm.py",
        "path_type": "hardlink",
        "sha256": "5c24050c78cf8ba00760d759c32d2d034d87f89878f09a7e1ef0a378b78ba775",
        "sha256_in_prefix": "5c24050c78cf8ba00760d759c32d2d034d87f89878f09a7e1ef0a378b78ba775",
        "size_in_bytes": 7134
      }
    ],
    "paths_version": 1
  },
  "requested_spec": "None",
  "sha256": "90bc12aa2689b460e9f3cc5ec0402e513461ae115175b7485d4577a9b39549ee",
  "size": 36675,
  "subdir": "win-64",
  "timestamp": 1676422341000,
  "url": "https://repo.anaconda.com/pkgs/main/win-64/colorama-0.4.6-py311haa95532_0.conda",
  "version": "0.4.6"
}