{
  "build": "py311haa95532_0",
  "build_number": 0,
  "channel": "https://repo.anaconda.com/pkgs/main/win-64",
  "constrains": [],
  "depends": [
    "python >=3.11,<3.12.0a0"
  ],
  "extracted_package_dir": "C:\\Users\\vicayo\\anaconda3\\pkgs\\sniffio-1.3.0-py311haa95532_0",
  "files": [
    "Lib/site-packages/sniffio-1.3.0.dist-info/INSTALLER",
    "Lib/site-packages/sniffio-1.3.0.dist-info/LICENSE",
    "Lib/site-packages/sniffio-1.3.0.dist-info/LICENSE.APACHE2",
    "Lib/site-packages/sniffio-1.3.0.dist-info/LICENSE.MIT",
    "Lib/site-packages/sniffio-1.3.0.dist-info/METADATA",
    "Lib/site-packages/sniffio-1.3.0.dist-info/RECORD",
    "Lib/site-packages/sniffio-1.3.0.dist-info/REQUESTED",
    "Lib/site-packages/sniffio-1.3.0.dist-info/WHEEL",
    "Lib/site-packages/sniffio-1.3.0.dist-info/direct_url.json",
    "Lib/site-packages/sniffio-1.3.0.dist-info/top_level.txt",
    "Lib/site-packages/sniffio/__init__.py",
    "Lib/site-packages/sniffio/__pycache__/__init__.cpython-311.pyc",
    "Lib/site-packages/sniffio/__pycache__/_impl.cpython-311.pyc",
    "Lib/site-packages/sniffio/__pycache__/_version.cpython-311.pyc",
    "Lib/site-packages/sniffio/_impl.py",
    "Lib/site-packages/sniffio/_tests/__init__.py",
    "Lib/site-packages/sniffio/_tests/__pycache__/__init__.cpython-311.pyc",
    "Lib/site-packages/sniffio/_tests/__pycache__/test_sniffio.cpython-311.pyc",
    "Lib/site-packages/sniffio/_tests/test_sniffio.py",
    "Lib/site-packages/sniffio/_version.py",
    "Lib/site-packages/sniffio/py.typed",
    ".nonadmin"
  ],
  "fn": "sniffio-1.3.0-py311haa95532_0.conda",
  "license": "MIT OR Apache-2.0",
  "link": {
    "source": "C:\\Users\\vicayo\\anaconda3\\pkgs\\sniffio-1.3.0-py311haa95532_0",
    "type": 1
  },
  "md5": "0fc96d7c0dfe25f2fbfe7ddb7b4f0788",
  "name": "sniffio",
  "package_tarball_full_path": "C:\\Users\\vicayo\\anaconda3\\pkgs\\sniffio-1.3.0-py311haa95532_0.conda",
  "paths_data": {
    "paths": [
      {
        "_path": "Lib/site-packages/sniffio-1.3.0.dist-info/INSTALLER",
        "path_type": "hardlink",
        "sha256": "d0edee15f91b406f3f99726e44eb990be6e34fd0345b52b910c568e0eef6a2a8",
        "sha256_in_prefix": "d0edee15f91b406f3f99726e44eb990be6e34fd0345b52b910c568e0eef6a2a8",
        "size_in_bytes": 5
      },
      {
        "_path": "Lib/site-packages/sniffio-1.3.0.dist-info/LICENSE",
        "path_type": "hardlink",
        "sha256": "652c878488d1456361e08c3f8607fd7ba59892a14103d15cce4ff93c85b5cc8b",
        "sha256_in_prefix": "652c878488d1456361e08c3f8607fd7ba59892a14103d15cce4ff93c85b5cc8b",
        "size_in_bytes": 185
      },
      {
        "_path": "Lib/site-packages/sniffio-1.3.0.dist-info/LICENSE.APACHE2",
        "path_type": "hardlink",
        "sha256": "cfc7749b96f63bd31c3c42b5c471bf756814053e847c10f3eb003417bc523d30",
        "sha256_in_prefix": "cfc7749b96f63bd31c3c42b5c471bf756814053e847c10f3eb003417bc523d30",
        "size_in_bytes": 11358
      },
      {
        "_path": "Lib/site-packages/sniffio-1.3.0.dist-info/LICENSE.MIT",
        "path_type": "hardlink",
        "sha256": "3e6dae555eb92787fc82d1d48355677f454c7f65aeb38d3f9e72bf9a3daf034b",
        "sha256_in_prefix": "3e6dae555eb92787fc82d1d48355677f454c7f65aeb38d3f9e72bf9a3daf034b",
        "size_in_bytes": 1046
      },
      {
        "_path": "Lib/site-packages/sniffio-1.3.0.dist-info/METADATA",
        "path_type": "hardlink",
        "sha256": "a6f3e5b2eb139ab33ab7056c644fc7d680ee9e97a93975cbe1307c7d955da97a",
        "sha256_in_prefix": "a6f3e5b2eb139ab33ab7056c644fc7d680ee9e97a93975cbe1307c7d955da97a",
        "size_in_bytes": 3690
      },
      {
        "_path": "Lib/site-packages/sniffio-1.3.0.dist-info/RECORD",
        "path_type": "hardlink",
        "sha256": "b7949ee2da939be59738cb5cd7673ab9f4e82d15c13c4a144d38ff3b2f0ae7c4",
        "sha256_in_prefix": "b7949ee2da939be59738cb5cd7673ab9f4e82d15c13c4a144d38ff3b2f0ae7c4",
        "size_in_bytes": 1571
      },
      {
        "_path": "Lib/site-packages/sniffio-1.3.0.dist-info/REQUESTED",
        "path_type": "hardlink",
        "sha256": "e3b0c44298fc1c149afbf4c8996fb92427ae41e4649b934ca495991b7852b855",
        "sha256_in_prefix": "e3b0c44298fc1c149afbf4c8996fb92427ae41e4649b934ca495991b7852b855",
        "size_in_bytes": 0
      },
      {
        "_path": "Lib/site-packages/sniffio-1.3.0.dist-info/WHEEL",
        "path_type": "hardlink",
        "sha256": "c903798389a0e00c9b4639208bef72cb889010589b1909a5cfbf0f8a4e4eafe0",
        "sha256_in_prefix": "c903798389a0e00c9b4639208bef72cb889010589b1909a5cfbf0f8a4e4eafe0",
        "size_in_bytes": 92
      },
      {
        "_path": "Lib/site-packages/sniffio-1.3.0.dist-info/direct_url.json",
        "path_type": "hardlink",
        "sha256": "0e0d825b88d7e9ded7be8aad6a9ee383dfa815748431daadfa0877366cc8d0ed",
        "sha256_in_prefix": "0e0d825b88d7e9ded7be8aad6a9ee383dfa815748431daadfa0877366cc8d0ed",
        "size_in_bytes": 87
      },
      {
        "_path": "Lib/site-packages/sniffio-1.3.0.dist-info/top_level.txt",
        "path_type": "hardlink",
        "sha256": "bfd5095c6b390b275d095780a979108963aba69e96b71e86791acfb7dfa38c78",
        "sha256_in_prefix": "bfd5095c6b390b275d095780a979108963aba69e96b71e86791acfb7dfa38c78",
        "size_in_bytes": 8
      },
      {
        "_path": "Lib/site-packages/sniffio/__init__.py",
        "path_type": "hardlink",
        "sha256": "6aabfc74fa177167b5b2fa5fe4bf0ba66086c768d0412a0b26faada772b973ae",
        "sha256_in_prefix": "6aabfc74fa177167b5b2fa5fe4bf0ba66086c768d0412a0b26faada772b973ae",
        "size_in_bytes": 310
      },
      {
        "_path": "Lib/site-packages/sniffio/__pycache__/__init__.cpython-311.pyc",
        "path_type": "hardlink",
        "sha256": "9abf1c513cc02227f35496c34825778a006e781f0baeb918743a290f2ce4871a",
        "sha256_in_prefix": "9abf1c513cc02227f35496c34825778a006e781f0baeb918743a290f2ce4871a",
        "size_in_bytes": 517
      },
      {
        "_path": "Lib/site-packages/sniffio/__pycache__/_impl.cpython-311.pyc",
        "path_type": "hardlink",
        "sha256": "e86e9bf7aed32b6d0e75d4f98b0da34fe6ddac62e20e8e161b5baf02b6938cb4",
        "sha256_in_prefix": "e86e9bf7aed32b6d0e75d4f98b0da34fe6ddac62e20e8e161b5baf02b6938cb4",
        "size_in_bytes": 3364
      },
      {
        "_path": "Lib/site-packages/sniffio/__pycache__/_version.cpython-311.pyc",
        "path_type": "hardlink",
        "sha256": "7efdb764bba912c1aa47e5226878e86b3144e4db628ba39b7458f4cf4d0c8234",
        "sha256_in_prefix": "7efdb764bba912c1aa47e5226878e86b3144e4db628ba39b7458f4cf4d0c8234",
        "size_in_bytes": 168
      },
      {
        "_path": "Lib/site-packages/sniffio/_impl.py",
        "path_type": "hardlink",
        "sha256": "526505319a62b8eadc8e7b8786e62260cc5e08d59faaef6406568f7f4c64e97f",
        "sha256_in_prefix": "526505319a62b8eadc8e7b8786e62260cc5e08d59faaef6406568f7f4c64e97f",
        "size_in_bytes": 2843
      },
      {
        "_path": "Lib/site-packages/sniffio/_tests/__init__.py",
        "path_type": "hardlink",
        "sha256": "e3b0c44298fc1c149afbf4c8996fb92427ae41e4649b934ca495991b7852b855",
        "sha256_in_prefix": "e3b0c44298fc1c149afbf4c8996fb92427ae41e4649b934ca495991b7852b855",
        "size_in_bytes": 0
      },
      {
        "_path": "Lib/site-packages/sniffio/_tests/__pycache__/__init__.cpython-311.pyc",
        "path_type": "hardlink",
        "sha256": "ec0080ac5996955d7aa1ed3be1739def74c00423512703f1481ccb957f29288e",
        "sha256_in_prefix": "ec0080ac5996955d7aa1ed3be1739def74c00423512703f1481ccb957f29288e",
        "size_in_bytes": 153
      },
      {
        "_path": "Lib/site-packages/sniffio/_tests/__pycache__/test_sniffio.cpython-311.pyc",
        "path_type": "hardlink",
        "sha256": "75cef709b3e232c38ba1efa9352607a3b6725e15bdcd5406fde44a59bd59dcdd",
        "sha256_in_prefix": "75cef709b3e232c38ba1efa9352607a3b6725e15bdcd5406fde44a59bd59dcdd",
        "size_in_bytes": 5062
      },
      {
        "_path": "Lib/site-packages/sniffio/_tests/test_sniffio.py",
        "path_type": "hardlink",
        "sha256": "16163a17a3ed1698cbd6004c8413d90ee44104ae682f09ae8c471a7f18443903",
        "sha256_in_prefix": "16163a17a3ed1698cbd6004c8413d90ee44104ae682f09ae8c471a7f18443903",
        "size_in_bytes": 2110
      },
      {
        "_path": "Lib/site-packages/sniffio/_version.py",
        "path_type": "hardlink",
        "sha256": "c7d51d118597d9f094a5d93370c2e64492aecc263f048a348a7d010a04159267",
        "sha256_in_prefix": "c7d51d118597d9f094a5d93370c2e64492aecc263f048a348a7d010a04159267",
        "size_in_bytes": 89
      },
      {
        "_path": "Lib/site-packages/sniffio/py.typed",
        "path_type": "hardlink",
        "sha256": "e3b0c44298fc1c149afbf4c8996fb92427ae41e4649b934ca495991b7852b855",
        "sha256_in_prefix": "e3b0c44298fc1c149afbf4c8996fb92427ae41e4649b934ca495991b7852b855",
        "size_in_bytes": 0
      }
    ],
    "paths_version": 1
  },
  "requested_spec": "None",
  "sha256": "3221084e2fae552e5ad0408e8679ad146697dc9de5916125d86d21210cd35531",
  "size": 18005,
  "subdir": "win-64",
  "timestamp": 1705431395000,
  "url": "https://repo.anaconda.com/pkgs/main/win-64/sniffio-1.3.0-py311haa95532_0.conda",
  "version": "1.3.0"
}