{
  "build": "py311h746a85d_0",
  "build_number": 0,
  "channel": "https://repo.anaconda.com/pkgs/main/win-64",
  "constrains": [
    "ipywidgets >=6"
  ],
  "depends": [
    "colorama",
    "python >=3.11,<3.12.0a0"
  ],
  "extracted_package_dir": "C:\\Users\\vicayo\\anaconda3\\pkgs\\tqdm-4.67.1-py311h746a85d_0",
  "files": [
    "Lib/site-packages/tqdm-4.67.1.dist-info/INSTALLER",
    "Lib/site-packages/tqdm-4.67.1.dist-info/LICENCE",
    "Lib/site-packages/tqdm-4.67.1.dist-info/METADATA",
    "Lib/site-packages/tqdm-4.67.1.dist-info/RECORD",
    "Lib/site-packages/tqdm-4.67.1.dist-info/REQUESTED",
    "Lib/site-packages/tqdm-4.67.1.dist-info/WHEEL",
    "Lib/site-packages/tqdm-4.67.1.dist-info/direct_url.json",
    "Lib/site-packages/tqdm-4.67.1.dist-info/entry_points.txt",
    "Lib/site-packages/tqdm-4.67.1.dist-info/top_level.txt",
    "Lib/site-packages/tqdm/__init__.py",
    "Lib/site-packages/tqdm/__main__.py",
    "Lib/site-packages/tqdm/__pycache__/__init__.cpython-311.pyc",
    "Lib/site-packages/tqdm/__pycache__/__main__.cpython-311.pyc",
    "Lib/site-packages/tqdm/__pycache__/_dist_ver.cpython-311.pyc",
    "Lib/site-packages/tqdm/__pycache__/_main.cpython-311.pyc",
    "Lib/site-packages/tqdm/__pycache__/_monitor.cpython-311.pyc",
    "Lib/site-packages/tqdm/__pycache__/_tqdm.cpython-311.pyc",
    "Lib/site-packages/tqdm/__pycache__/_tqdm_gui.cpython-311.pyc",
    "Lib/site-packages/tqdm/__pycache__/_tqdm_notebook.cpython-311.pyc",
    "Lib/site-packages/tqdm/__pycache__/_tqdm_pandas.cpython-311.pyc",
    "Lib/site-packages/tqdm/__pycache__/_utils.cpython-311.pyc",
    "Lib/site-packages/tqdm/__pycache__/asyncio.cpython-311.pyc",
    "Lib/site-packages/tqdm/__pycache__/auto.cpython-311.pyc",
    "Lib/site-packages/tqdm/__pycache__/autonotebook.cpython-311.pyc",
    "Lib/site-packages/tqdm/__pycache__/cli.cpython-311.pyc",
    "Lib/site-packages/tqdm/__pycache__/dask.cpython-311.pyc",
    "Lib/site-packages/tqdm/__pycache__/gui.cpython-311.pyc",
    "Lib/site-packages/tqdm/__pycache__/keras.cpython-311.pyc",
    "Lib/site-packages/tqdm/__pycache__/notebook.cpython-311.pyc",
    "Lib/site-packages/tqdm/__pycache__/rich.cpython-311.pyc",
    "Lib/site-packages/tqdm/__pycache__/std.cpython-311.pyc",
    "Lib/site-packages/tqdm/__pycache__/tk.cpython-311.pyc",
    "Lib/site-packages/tqdm/__pycache__/utils.cpython-311.pyc",
    "Lib/site-packages/tqdm/__pycache__/version.cpython-311.pyc",
    "Lib/site-packages/tqdm/_dist_ver.py",
    "Lib/site-packages/tqdm/_main.py",
    "Lib/site-packages/tqdm/_monitor.py",
    "Lib/site-packages/tqdm/_tqdm.py",
    "Lib/site-packages/tqdm/_tqdm_gui.py",
    "Lib/site-packages/tqdm/_tqdm_notebook.py",
    "Lib/site-packages/tqdm/_tqdm_pandas.py",
    "Lib/site-packages/tqdm/_utils.py",
    "Lib/site-packages/tqdm/asyncio.py",
    "Lib/site-packages/tqdm/auto.py",
    "Lib/site-packages/tqdm/autonotebook.py",
    "Lib/site-packages/tqdm/cli.py",
    "Lib/site-packages/tqdm/completion.sh",
    "Lib/site-packages/tqdm/contrib/__init__.py",
    "Lib/site-packages/tqdm/contrib/__pycache__/__init__.cpython-311.pyc",
    "Lib/site-packages/tqdm/contrib/__pycache__/bells.cpython-311.pyc",
    "Lib/site-packages/tqdm/contrib/__pycache__/concurrent.cpython-311.pyc",
    "Lib/site-packages/tqdm/contrib/__pycache__/discord.cpython-311.pyc",
    "Lib/site-packages/tqdm/contrib/__pycache__/itertools.cpython-311.pyc",
    "Lib/site-packages/tqdm/contrib/__pycache__/logging.cpython-311.pyc",
    "Lib/site-packages/tqdm/contrib/__pycache__/slack.cpython-311.pyc",
    "Lib/site-packages/tqdm/contrib/__pycache__/telegram.cpython-311.pyc",
    "Lib/site-packages/tqdm/contrib/__pycache__/utils_worker.cpython-311.pyc",
    "Lib/site-packages/tqdm/contrib/bells.py",
    "Lib/site-packages/tqdm/contrib/concurrent.py",
    "Lib/site-packages/tqdm/contrib/discord.py",
    "Lib/site-packages/tqdm/contrib/itertools.py",
    "Lib/site-packages/tqdm/contrib/logging.py",
    "Lib/site-packages/tqdm/contrib/slack.py",
    "Lib/site-packages/tqdm/contrib/telegram.py",
    "Lib/site-packages/tqdm/contrib/utils_worker.py",
    "Lib/site-packages/tqdm/dask.py",
    "Lib/site-packages/tqdm/gui.py",
    "Lib/site-packages/tqdm/keras.py",
    "Lib/site-packages/tqdm/notebook.py",
    "Lib/site-packages/tqdm/rich.py",
    "Lib/site-packages/tqdm/std.py",
    "Lib/site-packages/tqdm/tk.py",
    "Lib/site-packages/tqdm/tqdm.1",
    "Lib/site-packages/tqdm/utils.py",
    "Lib/site-packages/tqdm/version.py",
    "Scripts/tqdm-script.py",
    "Scripts/tqdm.exe",
    ".nonadmin"
  ],
  "fn": "tqdm-4.67.1-py311h746a85d_0.conda",
  "license": "MPL-2.0 AND MIT",
  "link": {
    "source": "C:\\Users\\vicayo\\anaconda3\\pkgs\\tqdm-4.67.1-py311h746a85d_0",
    "type": 1
  },
  "md5": "c87191540617439dc183abf76a2ba83f",
  "name": "tqdm",
  "package_tarball_full_path": "C:\\Users\\vicayo\\anaconda3\\pkgs\\tqdm-4.67.1-py311h746a85d_0.conda",
  "paths_data": {
    "paths": [
      {
        "_path": "Lib/site-packages/tqdm-4.67.1.dist-info/INSTALLER",
        "path_type": "hardlink",
        "sha256": "d0edee15f91b406f3f99726e44eb990be6e34fd0345b52b910c568e0eef6a2a8",
        "sha256_in_prefix": "d0edee15f91b406f3f99726e44eb990be6e34fd0345b52b910c568e0eef6a2a8",
        "size_in_bytes": 5
      },
      {
        "_path": "Lib/site-packages/tqdm-4.67.1.dist-info/LICENCE",
        "path_type": "hardlink",
        "sha256": "dc33252e829015e3b150086fb9b3a40f6ad6fb32c2f4610ce812fa677d35986a",
        "sha256_in_prefix": "dc33252e829015e3b150086fb9b3a40f6ad6fb32c2f4610ce812fa677d35986a",
        "size_in_bytes": 1985
      },
      {
        "_path": "Lib/site-packages/tqdm-4.67.1.dist-info/METADATA",
        "path_type": "hardlink",
        "sha256": "d0eac8e421bbeb8a1d47ddaa0baf72e64c13e6e800cda03324094cd14650133e",
        "sha256_in_prefix": "d0eac8e421bbeb8a1d47ddaa0baf72e64c13e6e800cda03324094cd14650133e",
        "size_in_bytes": 59269
      },
      {
        "_path": "Lib/site-packages/tqdm-4.67.1.dist-info/RECORD",
        "path_type": "hardlink",
        "sha256": "2603e520053d670d2e3f2c4c751b7f6cd98327c784987eead4f968e6d4fa4e35",
        "sha256_in_prefix": "2603e520053d670d2e3f2c4c751b7f6cd98327c784987eead4f968e6d4fa4e35",
        "size_in_bytes": 4839
      },
      {
        "_path": "Lib/site-packages/tqdm-4.67.1.dist-info/REQUESTED",
        "path_type": "hardlink",
        "sha256": "e3b0c44298fc1c149afbf4c8996fb92427ae41e4649b934ca495991b7852b855",
        "sha256_in_prefix": "e3b0c44298fc1c149afbf4c8996fb92427ae41e4649b934ca495991b7852b855",
        "size_in_bytes": 0
      },
      {
        "_path": "Lib/site-packages/tqdm-4.67.1.dist-info/WHEEL",
        "path_type": "hardlink",
        "sha256": "227f454cdc5e3fad0a9d3906c3bc24ea624f61dfdd4128c46665dd05d30223ef",
        "sha256_in_prefix": "227f454cdc5e3fad0a9d3906c3bc24ea624f61dfdd4128c46665dd05d30223ef",
        "size_in_bytes": 91
      },
      {
        "_path": "Lib/site-packages/tqdm-4.67.1.dist-info/direct_url.json",
        "path_type": "hardlink",
        "sha256": "24da30f72051cbc0eea4b6fedf51562e18e9cde21096f5724f13dd0e600ed3ae",
        "sha256_in_prefix": "24da30f72051cbc0eea4b6fedf51562e18e9cde21096f5724f13dd0e600ed3ae",
        "size_in_bytes": 84
      },
      {
        "_path": "Lib/site-packages/tqdm-4.67.1.dist-info/entry_points.txt",
        "path_type": "hardlink",
        "sha256": "45e2421fb522dd9ca1e8cd7a1383a1b19d6853b5ad31709f6eda3206118edbd6",
        "sha256_in_prefix": "45e2421fb522dd9ca1e8cd7a1383a1b19d6853b5ad31709f6eda3206118edbd6",
        "size_in_bytes": 39
      },
      {
        "_path": "Lib/site-packages/tqdm-4.67.1.dist-info/top_level.txt",
        "path_type": "hardlink",
        "sha256": "34b89424d7e673d02dd79b3b254462c2fa8c123522f46e4f30646b98c6333523",
        "sha256_in_prefix": "34b89424d7e673d02dd79b3b254462c2fa8c123522f46e4f30646b98c6333523",
        "size_in_bytes": 5
      },
      {
        "_path": "Lib/site-packages/tqdm/__init__.py",
        "path_type": "hardlink",
        "sha256": "f6640d6124aa3fdf496acb9b102d4f3892cc9a1924047e9c259c4f211e46da94",
        "sha256_in_prefix": "f6640d6124aa3fdf496acb9b102d4f3892cc9a1924047e9c259c4f211e46da94",
        "size_in_bytes": 1572
      },
      {
        "_path": "Lib/site-packages/tqdm/__main__.py",
        "path_type": "hardlink",
        "sha256": "6d8b7d7846a845059d7a3107143f11131f63c5511d669b44085b15ec5e3d2279",
        "sha256_in_prefix": "6d8b7d7846a845059d7a3107143f11131f63c5511d669b44085b15ec5e3d2279",
        "size_in_bytes": 30
      },
      {
        "_path": "Lib/site-packages/tqdm/__pycache__/__init__.cpython-311.pyc",
        "path_type": "hardlink",
        "sha256": "7a34ed562f0b1c05196f8c51e9a88598053b4ee8ff1e2d5b8b7ea1ba38cbb773",
        "sha256_in_prefix": "7a34ed562f0b1c05196f8c51e9a88598053b4ee8ff1e2d5b8b7ea1ba38cbb773",
        "size_in_bytes": 1974
      },
      {
        "_path": "Lib/site-packages/tqdm/__pycache__/__main__.cpython-311.pyc",
        "path_type": "hardlink",
        "sha256": "eeeea1c508d9ee882731723dbf5f634dfa1200982046bfe05a982a5f5990fdf8",
        "sha256_in_prefix": "eeeea1c508d9ee882731723dbf5f634dfa1200982046bfe05a982a5f5990fdf8",
        "size_in_bytes": 218
      },
      {
        "_path": "Lib/site-packages/tqdm/__pycache__/_dist_ver.cpython-311.pyc",
        "path_type": "hardlink",
        "sha256": "bb587aa723d7a3e06dc86d6c9ec708457b3133ea306123845f7e872ef13c21f1",
        "sha256_in_prefix": "bb587aa723d7a3e06dc86d6c9ec708457b3133ea306123845f7e872ef13c21f1",
        "size_in_bytes": 165
      },
      {
        "_path": "Lib/site-packages/tqdm/__pycache__/_main.cpython-311.pyc",
        "path_type": "hardlink",
        "sha256": "41bb81e8411d44845f2fd949dd02678bab377a6b4828123dbc6c976185300a1b",
        "sha256_in_prefix": "41bb81e8411d44845f2fd949dd02678bab377a6b4828123dbc6c976185300a1b",
        "size_in_bytes": 520
      },
      {
        "_path": "Lib/site-packages/tqdm/__pycache__/_monitor.cpython-311.pyc",
        "path_type": "hardlink",
        "sha256": "3681a6d1a230b1e51e56195a45a0197da805fee7d330d799cf2cecedff41700e",
        "sha256_in_prefix": "3681a6d1a230b1e51e56195a45a0197da805fee7d330d799cf2cecedff41700e",
        "size_in_bytes": 4749
      },
      {
        "_path": "Lib/site-packages/tqdm/__pycache__/_tqdm.cpython-311.pyc",
        "path_type": "hardlink",
        "sha256": "049f2e0124f435339410257f9bcfebbc3fba33bdd87f74f466f83627bd28b652",
        "sha256_in_prefix": "049f2e0124f435339410257f9bcfebbc3fba33bdd87f74f466f83627bd28b652",
        "size_in_bytes": 515
      },
      {
        "_path": "Lib/site-packages/tqdm/__pycache__/_tqdm_gui.cpython-311.pyc",
        "path_type": "hardlink",
        "sha256": "2efd631e35acdf7075db2573f931ea2b39a143a93176b5b8c68478b1f3064380",
        "sha256_in_prefix": "2efd631e35acdf7075db2573f931ea2b39a143a93176b5b8c68478b1f3064380",
        "size_in_bytes": 528
      },
      {
        "_path": "Lib/site-packages/tqdm/__pycache__/_tqdm_notebook.cpython-311.pyc",
        "path_type": "hardlink",
        "sha256": "edc2657f7e08636f3771f6a85ecb1df2269291fb83eedf00d75c1b1a77250ee1",
        "sha256_in_prefix": "edc2657f7e08636f3771f6a85ecb1df2269291fb83eedf00d75c1b1a77250ee1",
        "size_in_bytes": 549
      },
      {
        "_path": "Lib/site-packages/tqdm/__pycache__/_tqdm_pandas.cpython-311.pyc",
        "path_type": "hardlink",
        "sha256": "b2ec645325759190cdfeef27664f2a144cd95249d3043958bd35fc925e047327",
        "sha256_in_prefix": "b2ec645325759190cdfeef27664f2a144cd95249d3043958bd35fc925e047327",
        "size_in_bytes": 1522
      },
      {
        "_path": "Lib/site-packages/tqdm/__pycache__/_utils.cpython-311.pyc",
        "path_type": "hardlink",
        "sha256": "4ba6e8ad9966d9f3224aa5d2cad8384367a08f942b7ecce46b9b76321f14da70",
        "sha256_in_prefix": "4ba6e8ad9966d9f3224aa5d2cad8384367a08f942b7ecce46b9b76321f14da70",
        "size_in_bytes": 1103
      },
      {
        "_path": "Lib/site-packages/tqdm/__pycache__/asyncio.cpython-311.pyc",
        "path_type": "hardlink",
        "sha256": "3fc744465a095a76c38c239fbb7eab19d1387c11c9bbb90fcc1ea55e6873f9ab",
        "sha256_in_prefix": "3fc744465a095a76c38c239fbb7eab19d1387c11c9bbb90fcc1ea55e6873f9ab",
        "size_in_bytes": 5251
      },
      {
        "_path": "Lib/site-packages/tqdm/__pycache__/auto.cpython-311.pyc",
        "path_type": "hardlink",
        "sha256": "407b4595ddaf515c55a8e5d7674b5c731339a0e114098a8528f9f5b80f7db3c1",
        "sha256_in_prefix": "407b4595ddaf515c55a8e5d7674b5c731339a0e114098a8528f9f5b80f7db3c1",
        "size_in_bytes": 1533
      },
      {
        "_path": "Lib/site-packages/tqdm/__pycache__/autonotebook.cpython-311.pyc",
        "path_type": "hardlink",
        "sha256": "e87a5ce199ea4b72f869ac5c684d18a158bb000d6df69e6f74b4e013b5eebe52",
        "sha256_in_prefix": "e87a5ce199ea4b72f869ac5c684d18a158bb000d6df69e6f74b4e013b5eebe52",
        "size_in_bytes": 1399
      },
      {
        "_path": "Lib/site-packages/tqdm/__pycache__/cli.cpython-311.pyc",
        "path_type": "hardlink",
        "sha256": "1540537cf27e3fd207c5486224769250ccb0a9240dd4b2592b99447a45368b79",
        "sha256_in_prefix": "1540537cf27e3fd207c5486224769250ccb0a9240dd4b2592b99447a45368b79",
        "size_in_bytes": 18186
      },
      {
        "_path": "Lib/site-packages/tqdm/__pycache__/dask.cpython-311.pyc",
        "path_type": "hardlink",
        "sha256": "ce3d7767191e593f2b311fed932229ae0587e59c764e8df849e22bc09935537b",
        "sha256_in_prefix": "ce3d7767191e593f2b311fed932229ae0587e59c764e8df849e22bc09935537b",
        "size_in_bytes": 2933
      },
      {
        "_path": "Lib/site-packages/tqdm/__pycache__/gui.cpython-311.pyc",
        "path_type": "hardlink",
        "sha256": "dd9b440845eff35f73a3f5e427c2db1b6a2fcff627fb8bb8a56de1cb992c0926",
        "sha256_in_prefix": "dd9b440845eff35f73a3f5e427c2db1b6a2fcff627fb8bb8a56de1cb992c0926",
        "size_in_bytes": 8546
      },
      {
        "_path": "Lib/site-packages/tqdm/__pycache__/keras.cpython-311.pyc",
        "path_type": "hardlink",
        "sha256": "cd7519b5b11e49f1a6ff26c01b7924e4e6152994b2f45aa7a914b8b732682f6b",
        "sha256_in_prefix": "cd7519b5b11e49f1a6ff26c01b7924e4e6152994b2f45aa7a914b8b732682f6b",
        "size_in_bytes": 7615
      },
      {
        "_path": "Lib/site-packages/tqdm/__pycache__/notebook.cpython-311.pyc",
        "path_type": "hardlink",
        "sha256": "583f9db4947de2df5543a1e064839c12648a5465f3039717cc578cccac33ce21",
        "sha256_in_prefix": "583f9db4947de2df5543a1e064839c12648a5465f3039717cc578cccac33ce21",
        "size_in_bytes": 12819
      },
      {
        "_path": "Lib/site-packages/tqdm/__pycache__/rich.cpython-311.pyc",
        "path_type": "hardlink",
        "sha256": "0a47efdae43a93c1848e73812db65c94c28a0a6d33f1d7320833dd482c9a6668",
        "sha256_in_prefix": "0a47efdae43a93c1848e73812db65c94c28a0a6d33f1d7320833dd482c9a6668",
        "size_in_bytes": 8179
      },
      {
        "_path": "Lib/site-packages/tqdm/__pycache__/std.cpython-311.pyc",
        "path_type": "hardlink",
        "sha256": "19d269ec6c4fdd1c2bd94a12566e4879b8e2dbf3ef1b59e5b9c3421b7ef133c5",
        "sha256_in_prefix": "19d269ec6c4fdd1c2bd94a12566e4879b8e2dbf3ef1b59e5b9c3421b7ef133c5",
        "size_in_bytes": 70892
      },
      {
        "_path": "Lib/site-packages/tqdm/__pycache__/tk.cpython-311.pyc",
        "path_type": "hardlink",
        "sha256": "135b2a49c3f7df52a1a9850a53ceadd23f917ec24c046df43512c4cca269793e",
        "sha256_in_prefix": "135b2a49c3f7df52a1a9850a53ceadd23f917ec24c046df43512c4cca269793e",
        "size_in_bytes": 10583
      },
      {
        "_path": "Lib/site-packages/tqdm/__pycache__/utils.cpython-311.pyc",
        "path_type": "hardlink",
        "sha256": "4a3b9e460dc9d653e6957eb51e9558554e055d6602c28207d8a0d382e8d291b0",
        "sha256_in_prefix": "4a3b9e460dc9d653e6957eb51e9558554e055d6602c28207d8a0d382e8d291b0",
        "size_in_bytes": 22033
      },
      {
        "_path": "Lib/site-packages/tqdm/__pycache__/version.cpython-311.pyc",
        "path_type": "hardlink",
        "sha256": "ae60bee401d71c0a91f1ca3cde18acc79d89c6fc62dd6874670fd9b6261d645c",
        "sha256_in_prefix": "ae60bee401d71c0a91f1ca3cde18acc79d89c6fc62dd6874670fd9b6261d645c",
        "size_in_bytes": 655
      },
      {
        "_path": "Lib/site-packages/tqdm/_dist_ver.py",
        "path_type": "hardlink",
        "sha256": "d37acc49c0e7a5034806a253cc092feb6f2b93886e18233cb8b800a567fce94b",
        "sha256_in_prefix": "d37acc49c0e7a5034806a253cc092feb6f2b93886e18233cb8b800a567fce94b",
        "size_in_bytes": 24
      },
      {
        "_path": "Lib/site-packages/tqdm/_main.py",
        "path_type": "hardlink",
        "sha256": "f724af8268bfd92c38080a395035b44367717d3af26e8116187a217c2273d2c0",
        "sha256_in_prefix": "f724af8268bfd92c38080a395035b44367717d3af26e8116187a217c2273d2c0",
        "size_in_bytes": 283
      },
      {
        "_path": "Lib/site-packages/tqdm/_monitor.py",
        "path_type": "hardlink",
        "sha256": "524bbe0cf5a0cc9edd3b908ad3cc4a24af84fc5eaa43e241de4b2e5dccd2611d",
        "sha256_in_prefix": "524bbe0cf5a0cc9edd3b908ad3cc4a24af84fc5eaa43e241de4b2e5dccd2611d",
        "size_in_bytes": 3699
      },
      {
        "_path": "Lib/site-packages/tqdm/_tqdm.py",
        "path_type": "hardlink",
        "sha256": "2df2c2b89e9ba6c568f718a59ad057c849b5bc69d4085ae5896f398f727e9c3e",
        "sha256_in_prefix": "2df2c2b89e9ba6c568f718a59ad057c849b5bc69d4085ae5896f398f727e9c3e",
        "size_in_bytes": 283
      },
      {
        "_path": "Lib/site-packages/tqdm/_tqdm_gui.py",
        "path_type": "hardlink",
        "sha256": "d371dcf0a6b2c49bde89e239fb4fb6346883a4bbf0f6365e9287c9515ec20b09",
        "sha256_in_prefix": "d371dcf0a6b2c49bde89e239fb4fb6346883a4bbf0f6365e9287c9515ec20b09",
        "size_in_bytes": 287
      },
      {
        "_path": "Lib/site-packages/tqdm/_tqdm_notebook.py",
        "path_type": "hardlink",
        "sha256": "06e1e22eec6eeae11f64568f256dd13e93dac5a55cb44400de47522520cbd61c",
        "sha256_in_prefix": "06e1e22eec6eeae11f64568f256dd13e93dac5a55cb44400de47522520cbd61c",
        "size_in_bytes": 307
      },
      {
        "_path": "Lib/site-packages/tqdm/_tqdm_pandas.py",
        "path_type": "hardlink",
        "sha256": "73d8e9b5482280de9ac510e145de1189ff7c4e6c5ea297359c5345848a5b1541",
        "sha256_in_prefix": "73d8e9b5482280de9ac510e145de1189ff7c4e6c5ea297359c5345848a5b1541",
        "size_in_bytes": 888
      },
      {
        "_path": "Lib/site-packages/tqdm/_utils.py",
        "path_type": "hardlink",
        "sha256": "ff813bddb7c38f87f5b37b0ce3634b1cdad90ce9228d9a16abe9fac562e4759f",
        "sha256_in_prefix": "ff813bddb7c38f87f5b37b0ce3634b1cdad90ce9228d9a16abe9fac562e4759f",
        "size_in_bytes": 553
      },
      {
        "_path": "Lib/site-packages/tqdm/asyncio.py",
        "path_type": "hardlink",
        "sha256": "2a9dab4a43517fd291a9adddf58a6079943b2fb1197f62a2e1b49ced43c8ca8a",
        "sha256_in_prefix": "2a9dab4a43517fd291a9adddf58a6079943b2fb1197f62a2e1b49ced43c8ca8a",
        "size_in_bytes": 2757
      },
      {
        "_path": "Lib/site-packages/tqdm/auto.py",
        "path_type": "hardlink",
        "sha256": "9c365f963ea9db32a48c108d068babae14bcd7361f672d7f750bdb724add5bca",
        "sha256_in_prefix": "9c365f963ea9db32a48c108d068babae14bcd7361f672d7f750bdb724add5bca",
        "size_in_bytes": 871
      },
      {
        "_path": "Lib/site-packages/tqdm/autonotebook.py",
        "path_type": "hardlink",
        "sha256": "61bf45e6e6a204f85f6c30c5a5bb681bc236614c37b9027cf6b5032db7d1eb0b",
        "sha256_in_prefix": "61bf45e6e6a204f85f6c30c5a5bb681bc236614c37b9027cf6b5032db7d1eb0b",
        "size_in_bytes": 956
      },
      {
        "_path": "Lib/site-packages/tqdm/cli.py",
        "path_type": "hardlink",
        "sha256": "49b2a537c432676a207a7aadfb04ffa7afecc7638e7428c2ca1a190459e59b22",
        "sha256_in_prefix": "49b2a537c432676a207a7aadfb04ffa7afecc7638e7428c2ca1a190459e59b22",
        "size_in_bytes": 11010
      },
      {
        "_path": "Lib/site-packages/tqdm/completion.sh",
        "path_type": "hardlink",
        "sha256": "8fbf4a6d29a9223fc4d758df4df057ac69d44f3297569435bc6550becc83465e",
        "sha256_in_prefix": "8fbf4a6d29a9223fc4d758df4df057ac69d44f3297569435bc6550becc83465e",
        "size_in_bytes": 946
      },
      {
        "_path": "Lib/site-packages/tqdm/contrib/__init__.py",
        "path_type": "hardlink",
        "sha256": "3a04b05579bebe50c9fb68a6b6843dcfca9da26e2c9cc491ced1fbd8a300f360",
        "sha256_in_prefix": "3a04b05579bebe50c9fb68a6b6843dcfca9da26e2c9cc491ced1fbd8a300f360",
        "size_in_bytes": 2494
      },
      {
        "_path": "Lib/site-packages/tqdm/contrib/__pycache__/__init__.cpython-311.pyc",
        "path_type": "hardlink",
        "sha256": "d4268fe88e983742483bf25742cd0c7d184f3008b1b4dce81e6ca9f9614e3a09",
        "sha256_in_prefix": "d4268fe88e983742483bf25742cd0c7d184f3008b1b4dce81e6ca9f9614e3a09",
        "size_in_bytes": 4709
      },
      {
        "_path": "Lib/site-packages/tqdm/contrib/__pycache__/bells.cpython-311.pyc",
        "path_type": "hardlink",
        "sha256": "3a12522b7418045d230e2778d19fe4c799dc2244c50d9ec1c0203c39ded171c3",
        "sha256_in_prefix": "3a12522b7418045d230e2778d19fe4c799dc2244c50d9ec1c0203c39ded171c3",
        "size_in_bytes": 1574
      },
      {
        "_path": "Lib/site-packages/tqdm/contrib/__pycache__/concurrent.cpython-311.pyc",
        "path_type": "hardlink",
        "sha256": "d2016b82d392775c861e3b525989f384e1dbe22498daff05d23cfd822e404459",
        "sha256_in_prefix": "d2016b82d392775c861e3b525989f384e1dbe22498daff05d23cfd822e404459",
        "size_in_bytes": 5374
      },
      {
        "_path": "Lib/site-packages/tqdm/contrib/__pycache__/discord.cpython-311.pyc",
        "path_type": "hardlink",
        "sha256": "0b7cd2fdf8959339fb99251cb9017d8ca1b0fd497b3afb6264d9b3b4012400f4",
        "sha256_in_prefix": "0b7cd2fdf8959339fb99251cb9017d8ca1b0fd497b3afb6264d9b3b4012400f4",
        "size_in_bytes": 8811
      },
      {
        "_path": "Lib/site-packages/tqdm/contrib/__pycache__/itertools.cpython-311.pyc",
        "path_type": "hardlink",
        "sha256": "8a3ee17b509d3f009c8890a668f0fc4e2499344f37f14fe4a16d1d3e1067efd0",
        "sha256_in_prefix": "8a3ee17b509d3f009c8890a668f0fc4e2499344f37f14fe4a16d1d3e1067efd0",
        "size_in_bytes": 1600
      },
      {
        "_path": "Lib/site-packages/tqdm/contrib/__pycache__/logging.cpython-311.pyc",
        "path_type": "hardlink",
        "sha256": "f77956709bd6a86d3eec4bf7df61810f47edaec17c55844bf06694850219a261",
        "sha256_in_prefix": "f77956709bd6a86d3eec4bf7df61810f47edaec17c55844bf06694850219a261",
        "size_in_bytes": 5945
      },
      {
        "_path": "Lib/site-packages/tqdm/contrib/__pycache__/slack.cpython-311.pyc",
        "path_type": "hardlink",
        "sha256": "e85f597924deea0ddaca05d8eca0e05e57c06197121f06aa98daee852a14123d",
        "sha256_in_prefix": "e85f597924deea0ddaca05d8eca0e05e57c06197121f06aa98daee852a14123d",
        "size_in_bytes": 6801
      },
      {
        "_path": "Lib/site-packages/tqdm/contrib/__pycache__/telegram.cpython-311.pyc",
        "path_type": "hardlink",
        "sha256": "d2f08001ba440bac21c7564397e701147524a30ad71414c2904245cc69b69c5c",
        "sha256_in_prefix": "d2f08001ba440bac21c7564397e701147524a30ad71414c2904245cc69b69c5c",
        "size_in_bytes": 8448
      },
      {
        "_path": "Lib/site-packages/tqdm/contrib/__pycache__/utils_worker.cpython-311.pyc",
        "path_type": "hardlink",
        "sha256": "93ba6f4e19c63c156217019d931c97fde9532418e4885b65044b989cd0b08d46",
        "sha256_in_prefix": "93ba6f4e19c63c156217019d931c97fde9532418e4885b65044b989cd0b08d46",
        "size_in_bytes": 2320
      },
      {
        "_path": "Lib/site-packages/tqdm/contrib/bells.py",
        "path_type": "hardlink",
        "sha256": "631d47a860a61eb1120803bbd348f9c04fff24295e34e0c9c5e761d628cf2c3d",
        "sha256_in_prefix": "631d47a860a61eb1120803bbd348f9c04fff24295e34e0c9c5e761d628cf2c3d",
        "size_in_bytes": 837
      },
      {
        "_path": "Lib/site-packages/tqdm/contrib/concurrent.py",
        "path_type": "hardlink",
        "sha256": "2b5ca3968292e5644d1728cb46d8740e65393c09c36c5d00f860f6ecdf89e1af",
        "sha256_in_prefix": "2b5ca3968292e5644d1728cb46d8740e65393c09c36c5d00f860f6ecdf89e1af",
        "size_in_bytes": 3986
      },
      {
        "_path": "Lib/site-packages/tqdm/contrib/discord.py",
        "path_type": "hardlink",
        "sha256": "32d5482f5b3f7711f6d46e2c2fc141810e167a2db7868f449394fe0289a6bcd7",
        "sha256_in_prefix": "32d5482f5b3f7711f6d46e2c2fc141810e167a2db7868f449394fe0289a6bcd7",
        "size_in_bytes": 5243
      },
      {
        "_path": "Lib/site-packages/tqdm/contrib/itertools.py",
        "path_type": "hardlink",
        "sha256": "59d28a414e5e4b3b2a1eedbd48dfe81f5da1b98668d098a1aa88bdfa7561c33e",
        "sha256_in_prefix": "59d28a414e5e4b3b2a1eedbd48dfe81f5da1b98668d098a1aa88bdfa7561c33e",
        "size_in_bytes": 774
      },
      {
        "_path": "Lib/site-packages/tqdm/contrib/logging.py",
        "path_type": "hardlink",
        "sha256": "36c62d9cab6d8f698cac69b9f2611da396bd0cfff6beff29672ae2992b96ba50",
        "sha256_in_prefix": "36c62d9cab6d8f698cac69b9f2611da396bd0cfff6beff29672ae2992b96ba50",
        "size_in_bytes": 3760
      },
      {
        "_path": "Lib/site-packages/tqdm/contrib/slack.py",
        "path_type": "hardlink",
        "sha256": "78ffccaf9b10a27627887c7140d1ae7b78e4d899083e63d6159a886319ceba2d",
        "sha256_in_prefix": "78ffccaf9b10a27627887c7140d1ae7b78e4d899083e63d6159a886319ceba2d",
        "size_in_bytes": 4007
      },
      {
        "_path": "Lib/site-packages/tqdm/contrib/telegram.py",
        "path_type": "hardlink",
        "sha256": "be7ffd4804cc6dbc27d8f01bcd20f2397e9abf7781074d5006e835d4fe07f8e8",
        "sha256_in_prefix": "be7ffd4804cc6dbc27d8f01bcd20f2397e9abf7781074d5006e835d4fe07f8e8",
        "size_in_bytes": 5008
      },
      {
        "_path": "Lib/site-packages/tqdm/contrib/utils_worker.py",
        "path_type": "hardlink",
        "sha256": "1c93f9333d52d71cb31247b625aa89dac60b1d7003628a367a94f9033437f1e0",
        "sha256_in_prefix": "1c93f9333d52d71cb31247b625aa89dac60b1d7003628a367a94f9033437f1e0",
        "size_in_bytes": 1207
      },
      {
        "_path": "Lib/site-packages/tqdm/dask.py",
        "path_type": "hardlink",
        "sha256": "f448b9f1e56a4e8b2c44b8407d6c9414276e5d82a398b9b091a5c8cbe08761fb",
        "sha256_in_prefix": "f448b9f1e56a4e8b2c44b8407d6c9414276e5d82a398b9b091a5c8cbe08761fb",
        "size_in_bytes": 1319
      },
      {
        "_path": "Lib/site-packages/tqdm/gui.py",
        "path_type": "hardlink",
        "sha256": "493201dcaf220f30e090d52a588a6f708feed0e1ad6c6372e4dc2900b5e17d6b",
        "sha256_in_prefix": "493201dcaf220f30e090d52a588a6f708feed0e1ad6c6372e4dc2900b5e17d6b",
        "size_in_bytes": 5479
      },
      {
        "_path": "Lib/site-packages/tqdm/keras.py",
        "path_type": "hardlink",
        "sha256": "a29f6c0646faaba73a770db0274483d99c293caef233555b838975422cb7308a",
        "sha256_in_prefix": "a29f6c0646faaba73a770db0274483d99c293caef233555b838975422cb7308a",
        "size_in_bytes": 4373
      },
      {
        "_path": "Lib/site-packages/tqdm/notebook.py",
        "path_type": "hardlink",
        "sha256": "1ad67721aa4b2f5bfc58d0da4d2bcfc346c9193c9fa7bd557f3e470e7033c753",
        "sha256_in_prefix": "1ad67721aa4b2f5bfc58d0da4d2bcfc346c9193c9fa7bd557f3e470e7033c753",
        "size_in_bytes": 10895
      },
      {
        "_path": "Lib/site-packages/tqdm/rich.py",
        "path_type": "hardlink",
        "sha256": "63230f9041d5c98515511dda74929b557dba89398d2a934c7f70c4aa69be9bad",
        "sha256_in_prefix": "63230f9041d5c98515511dda74929b557dba89398d2a934c7f70c4aa69be9bad",
        "size_in_bytes": 5021
      },
      {
        "_path": "Lib/site-packages/tqdm/std.py",
        "path_type": "hardlink",
        "sha256": "b568f3ebe4026bdd9aa988f3ecf21d90b50201f8b2fa525985e06d672208c8ed",
        "sha256_in_prefix": "b568f3ebe4026bdd9aa988f3ecf21d90b50201f8b2fa525985e06d672208c8ed",
        "size_in_bytes": 57461
      },
      {
        "_path": "Lib/site-packages/tqdm/tk.py",
        "path_type": "hardlink",
        "sha256": "1aed2ec17c0b0863d1187391762dd6bc12c68ac794a7fc715ff87f829f55a4ad",
        "sha256_in_prefix": "1aed2ec17c0b0863d1187391762dd6bc12c68ac794a7fc715ff87f829f55a4ad",
        "size_in_bytes": 6701
      },
      {
        "_path": "Lib/site-packages/tqdm/tqdm.1",
        "path_type": "hardlink",
        "sha256": "6882f250f9364b838f7bfb96cb63f800c8d47f4a10e8f516d272d85c1f815b02",
        "sha256_in_prefix": "6882f250f9364b838f7bfb96cb63f800c8d47f4a10e8f516d272d85c1f815b02",
        "size_in_bytes": 7889
      },
      {
        "_path": "Lib/site-packages/tqdm/utils.py",
        "path_type": "hardlink",
        "sha256": "e84d01430dd283bb8658a04cfdc0e7dcfe36b57b30461ce48206e10602c38e5f",
        "sha256_in_prefix": "e84d01430dd283bb8658a04cfdc0e7dcfe36b57b30461ce48206e10602c38e5f",
        "size_in_bytes": 11821
      },
      {
        "_path": "Lib/site-packages/tqdm/version.py",
        "path_type": "hardlink",
        "sha256": "fb5c968dfbb73f47a0855b32b071f4edf6f376200335177346d60fa8e6aa4760",
        "sha256_in_prefix": "fb5c968dfbb73f47a0855b32b071f4edf6f376200335177346d60fa8e6aa4760",
        "size_in_bytes": 333
      },
      {
        "_path": "Scripts/tqdm-script.py",
        "path_type": "hardlink",
        "sha256": "3f5383274973d649a08905679c1ee127b66f4d08ded73440680df701208a2874",
        "sha256_in_prefix": "3f5383274973d649a08905679c1ee127b66f4d08ded73440680df701208a2874",
        "size_in_bytes": 202
      },
      {
        "_path": "Scripts/tqdm.exe",
        "path_type": "hardlink",
        "sha256": "f24d102084620e54fe68d07f6e9169118b283f8d33d0c8f4b974c2e05a306059",
        "sha256_in_prefix": "f24d102084620e54fe68d07f6e9169118b283f8d33d0c8f4b974c2e05a306059",
        "size_in_bytes": 54032
      }
    ],
    "paths_version": 1
  },
  "requested_spec": "tqdm",
  "sha256": "15341e4b9bb010a041c23def41d645d4f5b04923cb2096bb0751d24bb7632252",
  "size": 195578,
  "subdir": "win-64",
  "timestamp": 1738946539000,
  "url": "https://repo.anaconda.com/pkgs/main/win-64/tqdm-4.67.1-py311h746a85d_0.conda",
  "version": "4.67.1"
}