{
  "build": "py311haa95532_0",
  "build_number": 0,
  "channel": "https://repo.anaconda.com/pkgs/main/win-64",
  "constrains": [],
  "depends": [
    "outcome >=1.2.0",
    "python >=3.11,<3.12.0a0",
    "trio >=0.11",
    "wsproto >=0.14"
  ],
  "extracted_package_dir": "C:\\Users\\vicayo\\anaconda3\\pkgs\\trio-websocket-0.12.2-py311haa95532_0",
  "files": [
    "Lib/site-packages/trio_websocket-0.12.2.dist-info/INSTALLER",
    "Lib/site-packages/trio_websocket-0.12.2.dist-info/LICENSE",
    "Lib/site-packages/trio_websocket-0.12.2.dist-info/METADATA",
    "Lib/site-packages/trio_websocket-0.12.2.dist-info/RECORD",
    "Lib/site-packages/trio_websocket-0.12.2.dist-info/REQUESTED",
    "Lib/site-packages/trio_websocket-0.12.2.dist-info/WHEEL",
    "Lib/site-packages/trio_websocket-0.12.2.dist-info/direct_url.json",
    "Lib/site-packages/trio_websocket-0.12.2.dist-info/top_level.txt",
    "Lib/site-packages/trio_websocket/__init__.py",
    "Lib/site-packages/trio_websocket/__pycache__/__init__.cpython-311.pyc",
    "Lib/site-packages/trio_websocket/__pycache__/_impl.cpython-311.pyc",
    "Lib/site-packages/trio_websocket/__pycache__/_version.cpython-311.pyc",
    "Lib/site-packages/trio_websocket/_impl.py",
    "Lib/site-packages/trio_websocket/_version.py",
    "Lib/site-packages/trio_websocket/py.typed",
    ".nonadmin"
  ],
  "fn": "trio-websocket-0.12.2-py311haa95532_0.conda",
  "license": "MIT",
  "link": {
    "source": "C:\\Users\\vicayo\\anaconda3\\pkgs\\trio-websocket-0.12.2-py311haa95532_0",
    "type": 1
  },
  "md5": "a892b668ddecad3ecb1bd138f43b3676",
  "name": "trio-websocket",
  "package_tarball_full_path": "C:\\Users\\vicayo\\anaconda3\\pkgs\\trio-websocket-0.12.2-py311haa95532_0.conda",
  "paths_data": {
    "paths": [
      {
        "_path": "Lib/site-packages/trio_websocket-0.12.2.dist-info/INSTALLER",
        "path_type": "hardlink",
        "sha256": "d0edee15f91b406f3f99726e44eb990be6e34fd0345b52b910c568e0eef6a2a8",
        "sha256_in_prefix": "d0edee15f91b406f3f99726e44eb990be6e34fd0345b52b910c568e0eef6a2a8",
        "size_in_bytes": 5
      },
      {
        "_path": "Lib/site-packages/trio_websocket-0.12.2.dist-info/LICENSE",
        "path_type": "hardlink",
        "sha256": "2d5e3fc506b6c87ad93b77b9aa76009a58fea72be5fb56e6803bc08cb2887999",
        "sha256_in_prefix": "2d5e3fc506b6c87ad93b77b9aa76009a58fea72be5fb56e6803bc08cb2887999",
        "size_in_bytes": 1080
      },
      {
        "_path": "Lib/site-packages/trio_websocket-0.12.2.dist-info/METADATA",
        "path_type": "hardlink",
        "sha256": "0912ec95da76ca397419ce3e2141956a2ef5b5264dc05149907f4c614c66792f",
        "sha256_in_prefix": "0912ec95da76ca397419ce3e2141956a2ef5b5264dc05149907f4c614c66792f",
        "size_in_bytes": 5444
      },
      {
        "_path": "Lib/site-packages/trio_websocket-0.12.2.dist-info/RECORD",
        "path_type": "hardlink",
        "sha256": "d10df49c040526f864fab30fe54dc92955fa2e0116e0ea71d56cd49d89d45252",
        "sha256_in_prefix": "d10df49c040526f864fab30fe54dc92955fa2e0116e0ea71d56cd49d89d45252",
        "size_in_bytes": 1213
      },
      {
        "_path": "Lib/site-packages/trio_websocket-0.12.2.dist-info/REQUESTED",
        "path_type": "hardlink",
        "sha256": "e3b0c44298fc1c149afbf4c8996fb92427ae41e4649b934ca495991b7852b855",
        "sha256_in_prefix": "e3b0c44298fc1c149afbf4c8996fb92427ae41e4649b934ca495991b7852b855",
        "size_in_bytes": 0
      },
      {
        "_path": "Lib/site-packages/trio_websocket-0.12.2.dist-info/WHEEL",
        "path_type": "hardlink",
        "sha256": "227f454cdc5e3fad0a9d3906c3bc24ea624f61dfdd4128c46665dd05d30223ef",
        "sha256_in_prefix": "227f454cdc5e3fad0a9d3906c3bc24ea624f61dfdd4128c46665dd05d30223ef",
        "size_in_bytes": 91
      },
      {
        "_path": "Lib/site-packages/trio_websocket-0.12.2.dist-info/direct_url.json",
        "path_type": "hardlink",
        "sha256": "5f3c811fe1996da8496c48b9fdf07e0ecdef16978cb4d430f246fc90bbeb79b2",
        "sha256_in_prefix": "5f3c811fe1996da8496c48b9fdf07e0ecdef16978cb4d430f246fc90bbeb79b2",
        "size_in_bytes": 94
      },
      {
        "_path": "Lib/site-packages/trio_websocket-0.12.2.dist-info/top_level.txt",
        "path_type": "hardlink",
        "sha256": "43594fb6d2a769d4e15eca5125a8161f4406c65bbd18a786d5a7b988ed9a3c03",
        "sha256_in_prefix": "43594fb6d2a769d4e15eca5125a8161f4406c65bbd18a786d5a7b988ed9a3c03",
        "size_in_bytes": 15
      },
      {
        "_path": "Lib/site-packages/trio_websocket/__init__.py",
        "path_type": "hardlink",
        "sha256": "cf6b97be62ac07c9796f03eec3926c71cdc7752d888e250d5fb6ca73058c827a",
        "sha256_in_prefix": "cf6b97be62ac07c9796f03eec3926c71cdc7752d888e250d5fb6ca73058c827a",
        "size_in_bytes": 831
      },
      {
        "_path": "Lib/site-packages/trio_websocket/__pycache__/__init__.cpython-311.pyc",
        "path_type": "hardlink",
        "sha256": "c0532fb45de28acb23cd571c826b51b63883bdc475e4bbad4928f1ba48e777b2",
        "sha256_in_prefix": "c0532fb45de28acb23cd571c826b51b63883bdc475e4bbad4928f1ba48e777b2",
        "size_in_bytes": 882
      },
      {
        "_path": "Lib/site-packages/trio_websocket/__pycache__/_impl.cpython-311.pyc",
        "path_type": "hardlink",
        "sha256": "480f84e5da635811b22d73eb0d3f7502473009bb52c692507f306875b0411e08",
        "sha256_in_prefix": "480f84e5da635811b22d73eb0d3f7502473009bb52c692507f306875b0411e08",
        "size_in_bytes": 87023
      },
      {
        "_path": "Lib/site-packages/trio_websocket/__pycache__/_version.cpython-311.pyc",
        "path_type": "hardlink",
        "sha256": "2d064a3726e4c386eb249daaadee0e4a53ecc305baf23570d99fdfaede03a8b9",
        "sha256_in_prefix": "2d064a3726e4c386eb249daaadee0e4a53ecc305baf23570d99fdfaede03a8b9",
        "size_in_bytes": 174
      },
      {
        "_path": "Lib/site-packages/trio_websocket/_impl.py",
        "path_type": "hardlink",
        "sha256": "4e152fb610ebb89459644b19b23df1e91a3cc2ff9f93cb53fa40a7c9d071d6dc",
        "sha256_in_prefix": "4e152fb610ebb89459644b19b23df1e91a3cc2ff9f93cb53fa40a7c9d071d6dc",
        "size_in_bytes": 72543
      },
      {
        "_path": "Lib/site-packages/trio_websocket/_version.py",
        "path_type": "hardlink",
        "sha256": "2b3625bfd995e4101c95bfdbe266fa369ad24bc2fd5ddd2ab0dce3405c27a77d",
        "sha256_in_prefix": "2b3625bfd995e4101c95bfdbe266fa369ad24bc2fd5ddd2ab0dce3405c27a77d",
        "size_in_bytes": 23
      },
      {
        "_path": "Lib/site-packages/trio_websocket/py.typed",
        "path_type": "hardlink",
        "sha256": "e3b0c44298fc1c149afbf4c8996fb92427ae41e4649b934ca495991b7852b855",
        "sha256_in_prefix": "e3b0c44298fc1c149afbf4c8996fb92427ae41e4649b934ca495991b7852b855",
        "size_in_bytes": 0
      }
    ],
    "paths_version": 1
  },
  "requested_spec": "None",
  "sha256": "76b02c1fd01ba466a00ad25a6bf7a5111be4753d00d9e34b77d046e3eebd18c8",
  "size": 58560,
  "subdir": "win-64",
  "timestamp": 1741026130000,
  "url": "https://repo.anaconda.com/pkgs/main/win-64/trio-websocket-0.12.2-py311haa95532_0.conda",
  "version": "0.12.2"
}