{
  "build": "py311haa95532_0",
  "build_number": 0,
  "channel": "https://repo.anaconda.com/pkgs/main/win-64",
  "constrains": [
    "zstandard >=0.18.0",
    "h2 >=4,<5"
  ],
  "depends": [
    "brotlicffi >=0.8.0",
    "pysocks >=1.5.6,<2.0,!=1.5.7",
    "python >=3.11,<3.12.0a0"
  ],
  "extracted_package_dir": "C:\\Users\\vicayo\\anaconda3\\pkgs\\urllib3-2.5.0-py311haa95532_0",
  "files": [
    "Lib/site-packages/urllib3-2.5.0.dist-info/INSTALLER",
    "Lib/site-packages/urllib3-2.5.0.dist-info/METADATA",
    "Lib/site-packages/urllib3-2.5.0.dist-info/RECORD",
    "Lib/site-packages/urllib3-2.5.0.dist-info/REQUESTED",
    "Lib/site-packages/urllib3-2.5.0.dist-info/WHEEL",
    "Lib/site-packages/urllib3-2.5.0.dist-info/direct_url.json",
    "Lib/site-packages/urllib3-2.5.0.dist-info/licenses/LICENSE.txt",
    "Lib/site-packages/urllib3/__init__.py",
    "Lib/site-packages/urllib3/__pycache__/__init__.cpython-311.pyc",
    "Lib/site-packages/urllib3/__pycache__/_base_connection.cpython-311.pyc",
    "Lib/site-packages/urllib3/__pycache__/_collections.cpython-311.pyc",
    "Lib/site-packages/urllib3/__pycache__/_request_methods.cpython-311.pyc",
    "Lib/site-packages/urllib3/__pycache__/_version.cpython-311.pyc",
    "Lib/site-packages/urllib3/__pycache__/connection.cpython-311.pyc",
    "Lib/site-packages/urllib3/__pycache__/connectionpool.cpython-311.pyc",
    "Lib/site-packages/urllib3/__pycache__/exceptions.cpython-311.pyc",
    "Lib/site-packages/urllib3/__pycache__/fields.cpython-311.pyc",
    "Lib/site-packages/urllib3/__pycache__/filepost.cpython-311.pyc",
    "Lib/site-packages/urllib3/__pycache__/poolmanager.cpython-311.pyc",
    "Lib/site-packages/urllib3/__pycache__/response.cpython-311.pyc",
    "Lib/site-packages/urllib3/_base_connection.py",
    "Lib/site-packages/urllib3/_collections.py",
    "Lib/site-packages/urllib3/_request_methods.py",
    "Lib/site-packages/urllib3/_version.py",
    "Lib/site-packages/urllib3/connection.py",
    "Lib/site-packages/urllib3/connectionpool.py",
    "Lib/site-packages/urllib3/contrib/__init__.py",
    "Lib/site-packages/urllib3/contrib/__pycache__/__init__.cpython-311.pyc",
    "Lib/site-packages/urllib3/contrib/__pycache__/pyopenssl.cpython-311.pyc",
    "Lib/site-packages/urllib3/contrib/__pycache__/socks.cpython-311.pyc",
    "Lib/site-packages/urllib3/contrib/emscripten/__init__.py",
    "Lib/site-packages/urllib3/contrib/emscripten/__pycache__/__init__.cpython-311.pyc",
    "Lib/site-packages/urllib3/contrib/emscripten/__pycache__/connection.cpython-311.pyc",
    "Lib/site-packages/urllib3/contrib/emscripten/__pycache__/fetch.cpython-311.pyc",
    "Lib/site-packages/urllib3/contrib/emscripten/__pycache__/request.cpython-311.pyc",
    "Lib/site-packages/urllib3/contrib/emscripten/__pycache__/response.cpython-311.pyc",
    "Lib/site-packages/urllib3/contrib/emscripten/connection.py",
    "Lib/site-packages/urllib3/contrib/emscripten/emscripten_fetch_worker.js",
    "Lib/site-packages/urllib3/contrib/emscripten/fetch.py",
    "Lib/site-packages/urllib3/contrib/emscripten/request.py",
    "Lib/site-packages/urllib3/contrib/emscripten/response.py",
    "Lib/site-packages/urllib3/contrib/pyopenssl.py",
    "Lib/site-packages/urllib3/contrib/socks.py",
    "Lib/site-packages/urllib3/exceptions.py",
    "Lib/site-packages/urllib3/fields.py",
    "Lib/site-packages/urllib3/filepost.py",
    "Lib/site-packages/urllib3/http2/__init__.py",
    "Lib/site-packages/urllib3/http2/__pycache__/__init__.cpython-311.pyc",
    "Lib/site-packages/urllib3/http2/__pycache__/connection.cpython-311.pyc",
    "Lib/site-packages/urllib3/http2/__pycache__/probe.cpython-311.pyc",
    "Lib/site-packages/urllib3/http2/connection.py",
    "Lib/site-packages/urllib3/http2/probe.py",
    "Lib/site-packages/urllib3/poolmanager.py",
    "Lib/site-packages/urllib3/py.typed",
    "Lib/site-packages/urllib3/response.py",
    "Lib/site-packages/urllib3/util/__init__.py",
    "Lib/site-packages/urllib3/util/__pycache__/__init__.cpython-311.pyc",
    "Lib/site-packages/urllib3/util/__pycache__/connection.cpython-311.pyc",
    "Lib/site-packages/urllib3/util/__pycache__/proxy.cpython-311.pyc",
    "Lib/site-packages/urllib3/util/__pycache__/request.cpython-311.pyc",
    "Lib/site-packages/urllib3/util/__pycache__/response.cpython-311.pyc",
    "Lib/site-packages/urllib3/util/__pycache__/retry.cpython-311.pyc",
    "Lib/site-packages/urllib3/util/__pycache__/ssl_.cpython-311.pyc",
    "Lib/site-packages/urllib3/util/__pycache__/ssl_match_hostname.cpython-311.pyc",
    "Lib/site-packages/urllib3/util/__pycache__/ssltransport.cpython-311.pyc",
    "Lib/site-packages/urllib3/util/__pycache__/timeout.cpython-311.pyc",
    "Lib/site-packages/urllib3/util/__pycache__/url.cpython-311.pyc",
    "Lib/site-packages/urllib3/util/__pycache__/util.cpython-311.pyc",
    "Lib/site-packages/urllib3/util/__pycache__/wait.cpython-311.pyc",
    "Lib/site-packages/urllib3/util/connection.py",
    "Lib/site-packages/urllib3/util/proxy.py",
    "Lib/site-packages/urllib3/util/request.py",
    "Lib/site-packages/urllib3/util/response.py",
    "Lib/site-packages/urllib3/util/retry.py",
    "Lib/site-packages/urllib3/util/ssl_.py",
    "Lib/site-packages/urllib3/util/ssl_match_hostname.py",
    "Lib/site-packages/urllib3/util/ssltransport.py",
    "Lib/site-packages/urllib3/util/timeout.py",
    "Lib/site-packages/urllib3/util/url.py",
    "Lib/site-packages/urllib3/util/util.py",
    "Lib/site-packages/urllib3/util/wait.py",
    ".nonadmin"
  ],
  "fn": "urllib3-2.5.0-py311haa95532_0.conda",
  "license": "MIT",
  "link": {
    "source": "C:\\Users\\vicayo\\anaconda3\\pkgs\\urllib3-2.5.0-py311haa95532_0",
    "type": 1
  },
  "md5": "b3be00ad5fa388b056c572fb9e76eebc",
  "name": "urllib3",
  "package_tarball_full_path": "C:\\Users\\vicayo\\anaconda3\\pkgs\\urllib3-2.5.0-py311haa95532_0.conda",
  "paths_data": {
    "paths": [
      {
        "_path": "Lib/site-packages/urllib3-2.5.0.dist-info/INSTALLER",
        "path_type": "hardlink",
        "sha256": "d0edee15f91b406f3f99726e44eb990be6e34fd0345b52b910c568e0eef6a2a8",
        "sha256_in_prefix": "d0edee15f91b406f3f99726e44eb990be6e34fd0345b52b910c568e0eef6a2a8",
        "size_in_bytes": 5
      },
      {
        "_path": "Lib/site-packages/urllib3-2.5.0.dist-info/METADATA",
        "path_type": "hardlink",
        "sha256": "99a6244c866dd1afa59040be84c6566c206670667225c60e791938fe7b93acd7",
        "sha256_in_prefix": "99a6244c866dd1afa59040be84c6566c206670667225c60e791938fe7b93acd7",
        "size_in_bytes": 6461
      },
      {
        "_path": "Lib/site-packages/urllib3-2.5.0.dist-info/RECORD",
        "path_type": "hardlink",
        "sha256": "f30823da59a6d1d18fea3a471f6454671c5b3169b59c5e7e9dd90ed7d1759706",
        "sha256_in_prefix": "f30823da59a6d1d18fea3a471f6454671c5b3169b59c5e7e9dd90ed7d1759706",
        "size_in_bytes": 5710
      },
      {
        "_path": "Lib/site-packages/urllib3-2.5.0.dist-info/REQUESTED",
        "path_type": "hardlink",
        "sha256": "e3b0c44298fc1c149afbf4c8996fb92427ae41e4649b934ca495991b7852b855",
        "sha256_in_prefix": "e3b0c44298fc1c149afbf4c8996fb92427ae41e4649b934ca495991b7852b855",
        "size_in_bytes": 0
      },
      {
        "_path": "Lib/site-packages/urllib3-2.5.0.dist-info/WHEEL",
        "path_type": "hardlink",
        "sha256": "aad0b0a12256807936d52d4a6f88a1773236ae527564a688bab4e3fe780e8724",
        "sha256_in_prefix": "aad0b0a12256807936d52d4a6f88a1773236ae527564a688bab4e3fe780e8724",
        "size_in_bytes": 87
      },
      {
        "_path": "Lib/site-packages/urllib3-2.5.0.dist-info/direct_url.json",
        "path_type": "hardlink",
        "sha256": "fc97ec585709a7d430406cc2fd93fe1144e6cebedbe1184b7206fbdc4320ddd1",
        "sha256_in_prefix": "fc97ec585709a7d430406cc2fd93fe1144e6cebedbe1184b7206fbdc4320ddd1",
        "size_in_bytes": 87
      },
      {
        "_path": "Lib/site-packages/urllib3-2.5.0.dist-info/licenses/LICENSE.txt",
        "path_type": "hardlink",
        "sha256": "130e3a64d5fdd5d096a752694634a7d9df284469de86e5732100268041e3d686",
        "sha256_in_prefix": "130e3a64d5fdd5d096a752694634a7d9df284469de86e5732100268041e3d686",
        "size_in_bytes": 1093
      },
      {
        "_path": "Lib/site-packages/urllib3/__init__.py",
        "path_type": "hardlink",
        "sha256": "24ca35b60d67215d40789daf10d0bf4f17e5d1ee61e86ce5f43195935ad645ba",
        "sha256_in_prefix": "24ca35b60d67215d40789daf10d0bf4f17e5d1ee61e86ce5f43195935ad645ba",
        "size_in_bytes": 6979
      },
      {
        "_path": "Lib/site-packages/urllib3/__pycache__/__init__.cpython-311.pyc",
        "path_type": "hardlink",
        "sha256": "5b478d8f1991713c4c4c4ce89fa09f4f80c9bfb3404d9fbf7326ec4a98373910",
        "sha256_in_prefix": "5b478d8f1991713c4c4c4ce89fa09f4f80c9bfb3404d9fbf7326ec4a98373910",
        "size_in_bytes": 7629
      },
      {
        "_path": "Lib/site-packages/urllib3/__pycache__/_base_connection.cpython-311.pyc",
        "path_type": "hardlink",
        "sha256": "8b0769c8386877d4f95ad17db7981cb811e20a416075ba3026f4b7b11cacc123",
        "sha256_in_prefix": "8b0769c8386877d4f95ad17db7981cb811e20a416075ba3026f4b7b11cacc123",
        "size_in_bytes": 7063
      },
      {
        "_path": "Lib/site-packages/urllib3/__pycache__/_collections.cpython-311.pyc",
        "path_type": "hardlink",
        "sha256": "3c8312ef0b7f85a4a52ea601982eef0a3ae84978b46f83c249c549dffbb6c30f",
        "sha256_in_prefix": "3c8312ef0b7f85a4a52ea601982eef0a3ae84978b46f83c249c549dffbb6c30f",
        "size_in_bytes": 25925
      },
      {
        "_path": "Lib/site-packages/urllib3/__pycache__/_request_methods.cpython-311.pyc",
        "path_type": "hardlink",
        "sha256": "0ea787c86b315e35184361c075447d7fd6427da3bfcc1095cd0f92d0ba08e8dd",
        "sha256_in_prefix": "0ea787c86b315e35184361c075447d7fd6427da3bfcc1095cd0f92d0ba08e8dd",
        "size_in_bytes": 10676
      },
      {
        "_path": "Lib/site-packages/urllib3/__pycache__/_version.cpython-311.pyc",
        "path_type": "hardlink",
        "sha256": "dd609baf2de044d1c8d57f5fc77479c69de64f56419054a808b143f85ff2daff",
        "sha256_in_prefix": "dd609baf2de044d1c8d57f5fc77479c69de64f56419054a808b143f85ff2daff",
        "size_in_bytes": 678
      },
      {
        "_path": "Lib/site-packages/urllib3/__pycache__/connection.cpython-311.pyc",
        "path_type": "hardlink",
        "sha256": "e75683556a7195c3caecb8c79ca695a6da426b9b7a60f81cba099a0710ead6c4",
        "sha256_in_prefix": "e75683556a7195c3caecb8c79ca695a6da426b9b7a60f81cba099a0710ead6c4",
        "size_in_bytes": 40456
      },
      {
        "_path": "Lib/site-packages/urllib3/__pycache__/connectionpool.cpython-311.pyc",
        "path_type": "hardlink",
        "sha256": "426ef35932b10473c01b9fea10f942d2c26967e30e50b8cca28da29ef51ca250",
        "sha256_in_prefix": "426ef35932b10473c01b9fea10f942d2c26967e30e50b8cca28da29ef51ca250",
        "size_in_bytes": 41228
      },
      {
        "_path": "Lib/site-packages/urllib3/__pycache__/exceptions.cpython-311.pyc",
        "path_type": "hardlink",
        "sha256": "98637118244d13276662783191222e1286c8b25714ede5e764631405625d7caf",
        "sha256_in_prefix": "98637118244d13276662783191222e1286c8b25714ede5e764631405625d7caf",
        "size_in_bytes": 20050
      },
      {
        "_path": "Lib/site-packages/urllib3/__pycache__/fields.cpython-311.pyc",
        "path_type": "hardlink",
        "sha256": "082a1d77b717cdc44a45e89c9a8e92cf137f1f6802dc8759ba8ba03314aed735",
        "sha256_in_prefix": "082a1d77b717cdc44a45e89c9a8e92cf137f1f6802dc8759ba8ba03314aed735",
        "size_in_bytes": 12673
      },
      {
        "_path": "Lib/site-packages/urllib3/__pycache__/filepost.cpython-311.pyc",
        "path_type": "hardlink",
        "sha256": "7540ed016b28c48f44b0c558581ce2fde250560a495063fc4b9f43daf22240bb",
        "sha256_in_prefix": "7540ed016b28c48f44b0c558581ce2fde250560a495063fc4b9f43daf22240bb",
        "size_in_bytes": 3832
      },
      {
        "_path": "Lib/site-packages/urllib3/__pycache__/poolmanager.cpython-311.pyc",
        "path_type": "hardlink",
        "sha256": "2e8d78dee53fd6aa078daf8d06e5d11dd7f59ebfbc708e0635f4a1089f787f7c",
        "sha256_in_prefix": "2e8d78dee53fd6aa078daf8d06e5d11dd7f59ebfbc708e0635f4a1089f787f7c",
        "size_in_bytes": 25840
      },
      {
        "_path": "Lib/site-packages/urllib3/__pycache__/response.cpython-311.pyc",
        "path_type": "hardlink",
        "sha256": "8b2d0dc87ee66cb00e10cfe21a759b82582bcb658e073e10810b0f087e7619ce",
        "sha256_in_prefix": "8b2d0dc87ee66cb00e10cfe21a759b82582bcb658e073e10810b0f087e7619ce",
        "size_in_bytes": 56598
      },
      {
        "_path": "Lib/site-packages/urllib3/_base_connection.py",
        "path_type": "hardlink",
        "sha256": "4f57301f7461cecac187a073dc03865436e846c13bbde8a3a993d75d04d1d918",
        "sha256_in_prefix": "4f57301f7461cecac187a073dc03865436e846c13bbde8a3a993d75d04d1d918",
        "size_in_bytes": 5568
      },
      {
        "_path": "Lib/site-packages/urllib3/_collections.py",
        "path_type": "hardlink",
        "sha256": "b4cedce89d622ad599615fd01986fcfabecdaf5e76e037a19ec6b451f87afe65",
        "sha256_in_prefix": "b4cedce89d622ad599615fd01986fcfabecdaf5e76e037a19ec6b451f87afe65",
        "size_in_bytes": 17295
      },
      {
        "_path": "Lib/site-packages/urllib3/_request_methods.py",
        "path_type": "hardlink",
        "sha256": "802785f3948efd45385a83f0607228cffb70f9e33f1153a42c5a7c385b02ec30",
        "sha256_in_prefix": "802785f3948efd45385a83f0607228cffb70f9e33f1153a42c5a7c385b02ec30",
        "size_in_bytes": 9931
      },
      {
        "_path": "Lib/site-packages/urllib3/_version.py",
        "path_type": "hardlink",
        "sha256": "4431231fb52f3c4d0296f8fab8cd85bfc641afd7e6fbf79c58ffe449365a1785",
        "sha256_in_prefix": "4431231fb52f3c4d0296f8fab8cd85bfc641afd7e6fbf79c58ffe449365a1785",
        "size_in_bytes": 532
      },
      {
        "_path": "Lib/site-packages/urllib3/connection.py",
        "path_type": "hardlink",
        "sha256": "88fe2981226da6eb17c9895e8f3367fa08a1ff0582c4c53eab2e8e53591a6a97",
        "sha256_in_prefix": "88fe2981226da6eb17c9895e8f3367fa08a1ff0582c4c53eab2e8e53591a6a97",
        "size_in_bytes": 42613
      },
      {
        "_path": "Lib/site-packages/urllib3/connectionpool.py",
        "path_type": "hardlink",
        "sha256": "64486e76c6bc048b9b0f63345e8c4106c8f16ec5f0320512707ee843d8be8f56",
        "sha256_in_prefix": "64486e76c6bc048b9b0f63345e8c4106c8f16ec5f0320512707ee843d8be8f56",
        "size_in_bytes": 43371
      },
      {
        "_path": "Lib/site-packages/urllib3/contrib/__init__.py",
        "path_type": "hardlink",
        "sha256": "e3b0c44298fc1c149afbf4c8996fb92427ae41e4649b934ca495991b7852b855",
        "sha256_in_prefix": "e3b0c44298fc1c149afbf4c8996fb92427ae41e4649b934ca495991b7852b855",
        "size_in_bytes": 0
      },
      {
        "_path": "Lib/site-packages/urllib3/contrib/__pycache__/__init__.cpython-311.pyc",
        "path_type": "hardlink",
        "sha256": "f5e9a49a23e93ef05accaeeceaaa2437bbdace66c2c7a6cf9d448dee3b1827a7",
        "sha256_in_prefix": "f5e9a49a23e93ef05accaeeceaaa2437bbdace66c2c7a6cf9d448dee3b1827a7",
        "size_in_bytes": 154
      },
      {
        "_path": "Lib/site-packages/urllib3/contrib/__pycache__/pyopenssl.cpython-311.pyc",
        "path_type": "hardlink",
        "sha256": "9b8f8c5b9e16634a3d8b87058e7e326daf4db23e9fa2537f4089aa38544fb850",
        "sha256_in_prefix": "9b8f8c5b9e16634a3d8b87058e7e326daf4db23e9fa2537f4089aa38544fb850",
        "size_in_bytes": 29458
      },
      {
        "_path": "Lib/site-packages/urllib3/contrib/__pycache__/socks.cpython-311.pyc",
        "path_type": "hardlink",
        "sha256": "004d6924b0f2ee8e5642f12411d33e59d8b5248582cd955dce32f7051c17dc43",
        "sha256_in_prefix": "004d6924b0f2ee8e5642f12411d33e59d8b5248582cd955dce32f7051c17dc43",
        "size_in_bytes": 8691
      },
      {
        "_path": "Lib/site-packages/urllib3/contrib/emscripten/__init__.py",
        "path_type": "hardlink",
        "sha256": "bba28d8338e51596ee0005daff26c247b810ef55491129c5f8821d0c0ef76ebc",
        "sha256_in_prefix": "bba28d8338e51596ee0005daff26c247b810ef55491129c5f8821d0c0ef76ebc",
        "size_in_bytes": 733
      },
      {
        "_path": "Lib/site-packages/urllib3/contrib/emscripten/__pycache__/__init__.cpython-311.pyc",
        "path_type": "hardlink",
        "sha256": "98d54bd05e96e4a30570b2686d0e7e69a9d69f4dca80fa24668b628d6d20529c",
        "sha256_in_prefix": "98d54bd05e96e4a30570b2686d0e7e69a9d69f4dca80fa24668b628d6d20529c",
        "size_in_bytes": 956
      },
      {
        "_path": "Lib/site-packages/urllib3/contrib/emscripten/__pycache__/connection.cpython-311.pyc",
        "path_type": "hardlink",
        "sha256": "2ddb582cb777da724d1efcef37e94a03b12143d05c05967885af703a45b24e9b",
        "sha256_in_prefix": "2ddb582cb777da724d1efcef37e94a03b12143d05c05967885af703a45b24e9b",
        "size_in_bytes": 10573
      },
      {
        "_path": "Lib/site-packages/urllib3/contrib/emscripten/__pycache__/fetch.cpython-311.pyc",
        "path_type": "hardlink",
        "sha256": "0454f65da3451148fdddfbd539343fef9b8569b96b53f94fbe65a2c40cd96085",
        "sha256_in_prefix": "0454f65da3451148fdddfbd539343fef9b8569b96b53f94fbe65a2c40cd96085",
        "size_in_bytes": 31246
      },
      {
        "_path": "Lib/site-packages/urllib3/contrib/emscripten/__pycache__/request.cpython-311.pyc",
        "path_type": "hardlink",
        "sha256": "5c9dbef49143206494a1a17d04e6f365e8b5fa29fac1dc613458734f37ab8cba",
        "sha256_in_prefix": "5c9dbef49143206494a1a17d04e6f365e8b5fa29fac1dc613458734f37ab8cba",
        "size_in_bytes": 1612
      },
      {
        "_path": "Lib/site-packages/urllib3/contrib/emscripten/__pycache__/response.cpython-311.pyc",
        "path_type": "hardlink",
        "sha256": "a0c7cd36aadb4a4b268a8f5544ffadfe51e0738b04b13428a295cbf4ac828369",
        "sha256_in_prefix": "a0c7cd36aadb4a4b268a8f5544ffadfe51e0738b04b13428a295cbf4ac828369",
        "size_in_bytes": 12934
      },
      {
        "_path": "Lib/site-packages/urllib3/contrib/emscripten/connection.py",
        "path_type": "hardlink",
        "sha256": "8fc0d1fdf944ee1b2816135f8aa1cb89a3da0ac55bcc6e388e06a1c2fb10e760",
        "sha256_in_prefix": "8fc0d1fdf944ee1b2816135f8aa1cb89a3da0ac55bcc6e388e06a1c2fb10e760",
        "size_in_bytes": 8771
      },
      {
        "_path": "Lib/site-packages/urllib3/contrib/emscripten/emscripten_fetch_worker.js",
        "path_type": "hardlink",
        "sha256": "0837d817ff420e86edc7694689dc89d738c312fc0d4f917e75c8665565c38741",
        "sha256_in_prefix": "0837d817ff420e86edc7694689dc89d738c312fc0d4f917e75c8665565c38741",
        "size_in_bytes": 3655
      },
      {
        "_path": "Lib/site-packages/urllib3/contrib/emscripten/fetch.py",
        "path_type": "hardlink",
        "sha256": "91ca34ea55a843e7dd15f379d7e9f3793cb03d50441e0f3d588b2ddf71f7c5c8",
        "sha256_in_prefix": "91ca34ea55a843e7dd15f379d7e9f3793cb03d50441e0f3d588b2ddf71f7c5c8",
        "size_in_bytes": 23484
      },
      {
        "_path": "Lib/site-packages/urllib3/contrib/emscripten/request.py",
        "path_type": "hardlink",
        "sha256": "98bdbcb33cb52af137349856a2be633666aba7c830a650d4fbb8301996398344",
        "sha256_in_prefix": "98bdbcb33cb52af137349856a2be633666aba7c830a650d4fbb8301996398344",
        "size_in_bytes": 566
      },
      {
        "_path": "Lib/site-packages/urllib3/contrib/emscripten/response.py",
        "path_type": "hardlink",
        "sha256": "ee854f10d6191eecc4191b46e341e89e91f9b402181ec19c1cf6c9b7667453e6",
        "sha256_in_prefix": "ee854f10d6191eecc4191b46e341e89e91f9b402181ec19c1cf6c9b7667453e6",
        "size_in_bytes": 9507
      },
      {
        "_path": "Lib/site-packages/urllib3/contrib/pyopenssl.py",
        "path_type": "hardlink",
        "sha256": "5e9e589b4e558171a11dad02e3096eb6f1f163c4a72924ba58b6f6b79322bb4b",
        "sha256_in_prefix": "5e9e589b4e558171a11dad02e3096eb6f1f163c4a72924ba58b6f6b79322bb4b",
        "size_in_bytes": 19720
      },
      {
        "_path": "Lib/site-packages/urllib3/contrib/socks.py",
        "path_type": "hardlink",
        "sha256": "fa26ab75ceb51b2a6c2730fa5bacae452eca542c9fa30710ae5ffbd7d1fb9483",
        "sha256_in_prefix": "fa26ab75ceb51b2a6c2730fa5bacae452eca542c9fa30710ae5ffbd7d1fb9483",
        "size_in_bytes": 7549
      },
      {
        "_path": "Lib/site-packages/urllib3/exceptions.py",
        "path_type": "hardlink",
        "sha256": "a738ae9877f4570c77cf882f532ee8bbc9e5336c88617d0dde5df39c475e1795",
        "sha256_in_prefix": "a738ae9877f4570c77cf882f532ee8bbc9e5336c88617d0dde5df39c475e1795",
        "size_in_bytes": 9938
      },
      {
        "_path": "Lib/site-packages/urllib3/fields.py",
        "path_type": "hardlink",
        "sha256": "1427fb5142d291fd7472e4d15164d0112cf1825d564fc7b6682cb791fc998a7b",
        "sha256_in_prefix": "1427fb5142d291fd7472e4d15164d0112cf1825d564fc7b6682cb791fc998a7b",
        "size_in_bytes": 10829
      },
      {
        "_path": "Lib/site-packages/urllib3/filepost.py",
        "path_type": "hardlink",
        "sha256": "53c78d67e9a928a1e1ae56c7104893c7180ad7a21e8e111aeeecf8db2a80fdd2",
        "sha256_in_prefix": "53c78d67e9a928a1e1ae56c7104893c7180ad7a21e8e111aeeecf8db2a80fdd2",
        "size_in_bytes": 2388
      },
      {
        "_path": "Lib/site-packages/urllib3/http2/__init__.py",
        "path_type": "hardlink",
        "sha256": "c73ac0487ed1e4035190f24ea2de651a70133aadca2aec97cc8e36adc9f09aab",
        "sha256_in_prefix": "c73ac0487ed1e4035190f24ea2de651a70133aadca2aec97cc8e36adc9f09aab",
        "size_in_bytes": 1741
      },
      {
        "_path": "Lib/site-packages/urllib3/http2/__pycache__/__init__.cpython-311.pyc",
        "path_type": "hardlink",
        "sha256": "2de115d1cc6d9c1b72d4fa8a76fa0786dc94f9d8f9150dbd36b0273ffb6e0f08",
        "sha256_in_prefix": "2de115d1cc6d9c1b72d4fa8a76fa0786dc94f9d8f9150dbd36b0273ffb6e0f08",
        "size_in_bytes": 1979
      },
      {
        "_path": "Lib/site-packages/urllib3/http2/__pycache__/connection.cpython-311.pyc",
        "path_type": "hardlink",
        "sha256": "62353f5b078502103982736848b4c7f99f7c8771c86955f83ab3a2608cee2716",
        "sha256_in_prefix": "62353f5b078502103982736848b4c7f99f7c8771c86955f83ab3a2608cee2716",
        "size_in_bytes": 19000
      },
      {
        "_path": "Lib/site-packages/urllib3/http2/__pycache__/probe.cpython-311.pyc",
        "path_type": "hardlink",
        "sha256": "24919377595fa052ac8823825588c66b4dc2333da62927cad6ac5dd36f2046a7",
        "sha256_in_prefix": "24919377595fa052ac8823825588c66b4dc2333da62927cad6ac5dd36f2046a7",
        "size_in_bytes": 4299
      },
      {
        "_path": "Lib/site-packages/urllib3/http2/connection.py",
        "path_type": "hardlink",
        "sha256": "e030740e46440b7c889211a3503207075ef0ad808b68bd008396c35b6fe618f2",
        "sha256_in_prefix": "e030740e46440b7c889211a3503207075ef0ad808b68bd008396c35b6fe618f2",
        "size_in_bytes": 12694
      },
      {
        "_path": "Lib/site-packages/urllib3/http2/probe.py",
        "path_type": "hardlink",
        "sha256": "9e7024a9b8406a43a217be6bcfb5b4b9d677f047a1fee0fc7e357be0def71442",
        "sha256_in_prefix": "9e7024a9b8406a43a217be6bcfb5b4b9d677f047a1fee0fc7e357be0def71442",
        "size_in_bytes": 3014
      },
      {
        "_path": "Lib/site-packages/urllib3/poolmanager.py",
        "path_type": "hardlink",
        "sha256": "a0ab203f512c008e0e5602bdfbd0f70185d94b91d857cc8a512a20f906c9f13b",
        "sha256_in_prefix": "a0ab203f512c008e0e5602bdfbd0f70185d94b91d857cc8a512a20f906c9f13b",
        "size_in_bytes": 23866
      },
      {
        "_path": "Lib/site-packages/urllib3/py.typed",
        "path_type": "hardlink",
        "sha256": "51a0ae3c56b71fc5006a46edfb91bc48f69c95d4ce1af26fd7ca4f8d42798036",
        "sha256_in_prefix": "51a0ae3c56b71fc5006a46edfb91bc48f69c95d4ce1af26fd7ca4f8d42798036",
        "size_in_bytes": 93
      },
      {
        "_path": "Lib/site-packages/urllib3/response.py",
        "path_type": "hardlink",
        "sha256": "4d54d2bba43553453b8681d8308471c6e878ceba1e328f1be442380ce035dc4a",
        "sha256_in_prefix": "4d54d2bba43553453b8681d8308471c6e878ceba1e328f1be442380ce035dc4a",
        "size_in_bytes": 46480
      },
      {
        "_path": "Lib/site-packages/urllib3/util/__init__.py",
        "path_type": "hardlink",
        "sha256": "faa792d1071e8af6b3bc110a0cd142008fba00271d0ce1384ccbe8ed22cd9404",
        "sha256_in_prefix": "faa792d1071e8af6b3bc110a0cd142008fba00271d0ce1384ccbe8ed22cd9404",
        "size_in_bytes": 1001
      },
      {
        "_path": "Lib/site-packages/urllib3/util/__pycache__/__init__.cpython-311.pyc",
        "path_type": "hardlink",
        "sha256": "85b4a18d97fb45e3d14439a1194487fc853015999dde65026796c0c0b4f614a6",
        "sha256_in_prefix": "85b4a18d97fb45e3d14439a1194487fc853015999dde65026796c0c0b4f614a6",
        "size_in_bytes": 1187
      },
      {
        "_path": "Lib/site-packages/urllib3/util/__pycache__/connection.cpython-311.pyc",
        "path_type": "hardlink",
        "sha256": "ff6291d9bf1a5f11ed45d639f9b7b58e521d63b4e0a57ac695ea03cd7fa175fc",
        "sha256_in_prefix": "ff6291d9bf1a5f11ed45d639f9b7b58e521d63b4e0a57ac695ea03cd7fa175fc",
        "size_in_bytes": 5010
      },
      {
        "_path": "Lib/site-packages/urllib3/util/__pycache__/proxy.cpython-311.pyc",
        "path_type": "hardlink",
        "sha256": "ebdec9568539cc836e6be7eedef2390386a8fa191f7588b9fe9ce59f46cadc34",
        "sha256_in_prefix": "ebdec9568539cc836e6be7eedef2390386a8fa191f7588b9fe9ce59f46cadc34",
        "size_in_bytes": 1245
      },
      {
        "_path": "Lib/site-packages/urllib3/util/__pycache__/request.cpython-311.pyc",
        "path_type": "hardlink",
        "sha256": "856d75c791b9733d474fddb49e5627a69d34c3f74f5541112fa154f8e6b1eb1f",
        "sha256_in_prefix": "856d75c791b9733d474fddb49e5627a69d34c3f74f5541112fa154f8e6b1eb1f",
        "size_in_bytes": 9177
      },
      {
        "_path": "Lib/site-packages/urllib3/util/__pycache__/response.cpython-311.pyc",
        "path_type": "hardlink",
        "sha256": "e39d3477f6da5dcc7b5f001bb7ebcadaf3132f2b0ea3b94402262670f771668b",
        "sha256_in_prefix": "e39d3477f6da5dcc7b5f001bb7ebcadaf3132f2b0ea3b94402262670f771668b",
        "size_in_bytes": 3319
      },
      {
        "_path": "Lib/site-packages/urllib3/util/__pycache__/retry.cpython-311.pyc",
        "path_type": "hardlink",
        "sha256": "f9fa43ca5548daa776716a49ca6bcfce76952ac37125151ba2db40affa273e61",
        "sha256_in_prefix": "f9fa43ca5548daa776716a49ca6bcfce76952ac37125151ba2db40affa273e61",
        "size_in_bytes": 21125
      },
      {
        "_path": "Lib/site-packages/urllib3/util/__pycache__/ssl_.cpython-311.pyc",
        "path_type": "hardlink",
        "sha256": "3b82f7c957027045e43da9ca541725b2c2787bcabb9ffa01facaf6c672f1f1f5",
        "sha256_in_prefix": "3b82f7c957027045e43da9ca541725b2c2787bcabb9ffa01facaf6c672f1f1f5",
        "size_in_bytes": 18044
      },
      {
        "_path": "Lib/site-packages/urllib3/util/__pycache__/ssl_match_hostname.cpython-311.pyc",
        "path_type": "hardlink",
        "sha256": "df053fc4b5280551c45f99accad013d2efe03515e772053897931609962b6df9",
        "sha256_in_prefix": "df053fc4b5280551c45f99accad013d2efe03515e772053897931609962b6df9",
        "size_in_bytes": 6214
      },
      {
        "_path": "Lib/site-packages/urllib3/util/__pycache__/ssltransport.cpython-311.pyc",
        "path_type": "hardlink",
        "sha256": "c83e9443134f4f53dc65e2c2130d32538d0343d43c824e9742e106d3bf4d1b8d",
        "sha256_in_prefix": "c83e9443134f4f53dc65e2c2130d32538d0343d43c824e9742e106d3bf4d1b8d",
        "size_in_bytes": 14278
      },
      {
        "_path": "Lib/site-packages/urllib3/util/__pycache__/timeout.cpython-311.pyc",
        "path_type": "hardlink",
        "sha256": "6019fc0ee197dd0e5d05f91b86d145e31f660f9bbe38dd89474f4e142b264909",
        "sha256_in_prefix": "6019fc0ee197dd0e5d05f91b86d145e31f660f9bbe38dd89474f4e142b264909",
        "size_in_bytes": 12032
      },
      {
        "_path": "Lib/site-packages/urllib3/util/__pycache__/url.cpython-311.pyc",
        "path_type": "hardlink",
        "sha256": "176a6d989ed40843b9aec9f831c2a18f10f0b6218960a24da00bc14b8a8aadee",
        "sha256_in_prefix": "176a6d989ed40843b9aec9f831c2a18f10f0b6218960a24da00bc14b8a8aadee",
        "size_in_bytes": 17731
      },
      {
        "_path": "Lib/site-packages/urllib3/util/__pycache__/util.cpython-311.pyc",
        "path_type": "hardlink",
        "sha256": "50f834d164434c8a5467c5fde23a620724829e1991d734c3f4c30200f701c09a",
        "sha256_in_prefix": "50f834d164434c8a5467c5fde23a620724829e1991d734c3f4c30200f701c09a",
        "size_in_bytes": 2135
      },
      {
        "_path": "Lib/site-packages/urllib3/util/__pycache__/wait.cpython-311.pyc",
        "path_type": "hardlink",
        "sha256": "383925772762babc3cae6798169156bc645e6bb4d25e784c2377d91c401994a0",
        "sha256_in_prefix": "383925772762babc3cae6798169156bc645e6bb4d25e784c2377d91c401994a0",
        "size_in_bytes": 3706
      },
      {
        "_path": "Lib/site-packages/urllib3/util/connection.py",
        "path_type": "hardlink",
        "sha256": "2633bbdb69731e5ccb5cf4e4afd65605d86c7979cc5633126f50c92d5ad74a74",
        "sha256_in_prefix": "2633bbdb69731e5ccb5cf4e4afd65605d86c7979cc5633126f50c92d5ad74a74",
        "size_in_bytes": 4444
      },
      {
        "_path": "Lib/site-packages/urllib3/util/proxy.py",
        "path_type": "hardlink",
        "sha256": "b1e3fcf90e41e9b07474cb703e3f98719650df4bc7b8ba91bbeb48d096767f3b",
        "sha256_in_prefix": "b1e3fcf90e41e9b07474cb703e3f98719650df4bc7b8ba91bbeb48d096767f3b",
        "size_in_bytes": 1148
      },
      {
        "_path": "Lib/site-packages/urllib3/util/request.py",
        "path_type": "hardlink",
        "sha256": "5ee02c1014f9f030196144f0a4c1f91ebdc0d4e3e830dbcd21822e9db22a6dcf",
        "sha256_in_prefix": "5ee02c1014f9f030196144f0a4c1f91ebdc0d4e3e830dbcd21822e9db22a6dcf",
        "size_in_bytes": 8411
      },
      {
        "_path": "Lib/site-packages/urllib3/util/response.py",
        "path_type": "hardlink",
        "sha256": "bd013adfdba81218f5be98c4771bb994d22124249466477ba6a965508d0164e0",
        "sha256_in_prefix": "bd013adfdba81218f5be98c4771bb994d22124249466477ba6a965508d0164e0",
        "size_in_bytes": 3374
      },
      {
        "_path": "Lib/site-packages/urllib3/util/retry.py",
        "path_type": "hardlink",
        "sha256": "6e3fb6614a9b9712e5bfc4c78397f1c30f83339e1709b8e0657210ef55e2a026",
        "sha256_in_prefix": "6e3fb6614a9b9712e5bfc4c78397f1c30f83339e1709b8e0657210ef55e2a026",
        "size_in_bytes": 18459
      },
      {
        "_path": "Lib/site-packages/urllib3/util/ssl_.py",
        "path_type": "hardlink",
        "sha256": "8f19d0de6b189156a8909556a87367015755b4376276b4c70deca4e74830a9a4",
        "sha256_in_prefix": "8f19d0de6b189156a8909556a87367015755b4376276b4c70deca4e74830a9a4",
        "size_in_bytes": 19786
      },
      {
        "_path": "Lib/site-packages/urllib3/util/ssl_match_hostname.py",
        "path_type": "hardlink",
        "sha256": "0e2ec353bce892896d6a94ff1744a3db57df631c1a4bf704e5aa4eb70b9e7b20",
        "sha256_in_prefix": "0e2ec353bce892896d6a94ff1744a3db57df631c1a4bf704e5aa4eb70b9e7b20",
        "size_in_bytes": 5845
      },
      {
        "_path": "Lib/site-packages/urllib3/util/ssltransport.py",
        "path_type": "hardlink",
        "sha256": "133e0ef2947fbd3f1d6a7fc5bea0584ba7600df05710c7d57ebcdc754a167e2e",
        "sha256_in_prefix": "133e0ef2947fbd3f1d6a7fc5bea0584ba7600df05710c7d57ebcdc754a167e2e",
        "size_in_bytes": 8847
      },
      {
        "_path": "Lib/site-packages/urllib3/util/timeout.py",
        "path_type": "hardlink",
        "sha256": "e1e4f5155799654ee1ee6603d49ab639735ee1fc5e91d36f868594919bac4690",
        "sha256_in_prefix": "e1e4f5155799654ee1ee6603d49ab639735ee1fc5e91d36f868594919bac4690",
        "size_in_bytes": 10346
      },
      {
        "_path": "Lib/site-packages/urllib3/util/url.py",
        "path_type": "hardlink",
        "sha256": "59187e4cc617a2c9a0a7c9bc953e07e6ca681f0e7252395c3027d4e77024a00b",
        "sha256_in_prefix": "59187e4cc617a2c9a0a7c9bc953e07e6ca681f0e7252395c3027d4e77024a00b",
        "size_in_bytes": 15205
      },
      {
        "_path": "Lib/site-packages/urllib3/util/util.py",
        "path_type": "hardlink",
        "sha256": "8f795b64ad633f28b00f7e13f08809cdd5846554fee04fb4bd82098bd52378d0",
        "sha256_in_prefix": "8f795b64ad633f28b00f7e13f08809cdd5846554fee04fb4bd82098bd52378d0",
        "size_in_bytes": 1146
      },
      {
        "_path": "Lib/site-packages/urllib3/util/wait.py",
        "path_type": "hardlink",
        "sha256": "fe987c22b511deca8faa2d0ea29420254947e30ce419e3390a2c80ed7186b662",
        "sha256_in_prefix": "fe987c22b511deca8faa2d0ea29420254947e30ce419e3390a2c80ed7186b662",
        "size_in_bytes": 4423
      }
    ],
    "paths_version": 1
  },
  "requested_spec": "None",
  "sha256": "a95b5fc099346e3365c7d9833545f4ab8bad4cb4b2c37819f20e1d1ffbd4cef0",
  "size": 370050,
  "subdir": "win-64",
  "timestamp": 1750775741000,
  "url": "https://repo.anaconda.com/pkgs/main/win-64/urllib3-2.5.0-py311haa95532_0.conda",
  "version": "2.5.0"
}