{
  "build": "py311haa95532_0",
  "build_number": 0,
  "channel": "https://repo.anaconda.com/pkgs/main/win-64",
  "constrains": [],
  "depends": [
    "python >=3.11,<3.12.0a0"
  ],
  "extracted_package_dir": "C:\\Users\\vicayo\\anaconda3\\pkgs\\win_inet_pton-1.1.0-py311haa95532_0",
  "files": [
    "Lib/site-packages/__pycache__/win_inet_pton.cpython-311.pyc",
    "Lib/site-packages/win_inet_pton-1.1.0.dist-info/INSTALLER",
    "Lib/site-packages/win_inet_pton-1.1.0.dist-info/LICENSE",
    "Lib/site-packages/win_inet_pton-1.1.0.dist-info/METADATA",
    "Lib/site-packages/win_inet_pton-1.1.0.dist-info/RECORD",
    "Lib/site-packages/win_inet_pton-1.1.0.dist-info/REQUESTED",
    "Lib/site-packages/win_inet_pton-1.1.0.dist-info/WHEEL",
    "Lib/site-packages/win_inet_pton-1.1.0.dist-info/direct_url.json",
    "Lib/site-packages/win_inet_pton-1.1.0.dist-info/top_level.txt",
    "Lib/site-packages/win_inet_pton.py",
    ".nonadmin"
  ],
  "fn": "win_inet_pton-1.1.0-py311haa95532_0.conda",
  "license": "PUBLIC-DOMAIN",
  "link": {
    "source": "C:\\Users\\vicayo\\anaconda3\\pkgs\\win_inet_pton-1.1.0-py311haa95532_0",
    "type": 1
  },
  "md5": "c14f98db9c0491c2ec282eb5af3b4f67",
  "name": "win_inet_pton",
  "package_tarball_full_path": "C:\\Users\\vicayo\\anaconda3\\pkgs\\win_inet_pton-1.1.0-py311haa95532_0.conda",
  "paths_data": {
    "paths": [
      {
        "_path": "Lib/site-packages/__pycache__/win_inet_pton.cpython-311.pyc",
        "path_type": "hardlink",
        "sha256": "117bb909b5dff07b87e2523f3db23d2d23b2b05e3bdd9cfd6d9d409205e75b0a",
        "sha256_in_prefix": "117bb909b5dff07b87e2523f3db23d2d23b2b05e3bdd9cfd6d9d409205e75b0a",
        "size_in_bytes": 5547
      },
      {
        "_path": "Lib/site-packages/win_inet_pton-1.1.0.dist-info/INSTALLER",
        "path_type": "hardlink",
        "sha256": "d0edee15f91b406f3f99726e44eb990be6e34fd0345b52b910c568e0eef6a2a8",
        "sha256_in_prefix": "d0edee15f91b406f3f99726e44eb990be6e34fd0345b52b910c568e0eef6a2a8",
        "size_in_bytes": 5
      },
      {
        "_path": "Lib/site-packages/win_inet_pton-1.1.0.dist-info/LICENSE",
        "path_type": "hardlink",
        "sha256": "2688ebd0bad28507e6f4881d89acc60ad3f27c71da229042cd92cb871e7f1774",
        "sha256_in_prefix": "2688ebd0bad28507e6f4881d89acc60ad3f27c71da229042cd92cb871e7f1774",
        "size_in_bytes": 254
      },
      {
        "_path": "Lib/site-packages/win_inet_pton-1.1.0.dist-info/METADATA",
        "path_type": "hardlink",
        "sha256": "0fd82c9f282c85a27e9c80884b38a837413dcdd5349f12b2ac38c8bacd446d45",
        "sha256_in_prefix": "0fd82c9f282c85a27e9c80884b38a837413dcdd5349f12b2ac38c8bacd446d45",
        "size_in_bytes": 2234
      },
      {
        "_path": "Lib/site-packages/win_inet_pton-1.1.0.dist-info/RECORD",
        "path_type": "hardlink",
        "sha256": "fe4b6bcea5b6738104913e75750a5f282721c6c7014f9ee111294e9eed8f81fc",
        "sha256_in_prefix": "fe4b6bcea5b6738104913e75750a5f282721c6c7014f9ee111294e9eed8f81fc",
        "size_in_bytes": 829
      },
      {
        "_path": "Lib/site-packages/win_inet_pton-1.1.0.dist-info/REQUESTED",
        "path_type": "hardlink",
        "sha256": "e3b0c44298fc1c149afbf4c8996fb92427ae41e4649b934ca495991b7852b855",
        "sha256_in_prefix": "e3b0c44298fc1c149afbf4c8996fb92427ae41e4649b934ca495991b7852b855",
        "size_in_bytes": 0
      },
      {
        "_path": "Lib/site-packages/win_inet_pton-1.1.0.dist-info/WHEEL",
        "path_type": "hardlink",
        "sha256": "cfd8f4c406bf26650a3299b3ef62b464600b48cfe7fb04159866e5797c765478",
        "sha256_in_prefix": "cfd8f4c406bf26650a3299b3ef62b464600b48cfe7fb04159866e5797c765478",
        "size_in_bytes": 110
      },
      {
        "_path": "Lib/site-packages/win_inet_pton-1.1.0.dist-info/direct_url.json",
        "path_type": "hardlink",
        "sha256": "ddc0648ed7cb8cb09e1a57aba7fef1bb032fe846197e459cf3f738045b4ac7bd",
        "sha256_in_prefix": "ddc0648ed7cb8cb09e1a57aba7fef1bb032fe846197e459cf3f738045b4ac7bd",
        "size_in_bytes": 77
      },
      {
        "_path": "Lib/site-packages/win_inet_pton-1.1.0.dist-info/top_level.txt",
        "path_type": "hardlink",
        "sha256": "58d1c102021ada107662a5239f18afa35d94f4c0769f07045b050833f8344226",
        "sha256_in_prefix": "58d1c102021ada107662a5239f18afa35d94f4c0769f07045b050833f8344226",
        "size_in_bytes": 14
      },
      {
        "_path": "Lib/site-packages/win_inet_pton.py",
        "path_type": "hardlink",
        "sha256": "097bbf572cb0df4dbf44139239175c0335770a0eee056112a175b22efab034f8",
        "sha256_in_prefix": "097bbf572cb0df4dbf44139239175c0335770a0eee056112a175b22efab034f8",
        "size_in_bytes": 4035
      }
    ],
    "paths_version": 1
  },
  "requested_spec": "None",
  "sha256": "c368b2e32e464a5e6ab6e1985ea38dfaad995b7de2da511a25ffd255dd6b7c5f",
  "size": 10481,
  "subdir": "win-64",
  "timestamp": 1676425485000,
  "url": "https://repo.anaconda.com/pkgs/main/win-64/win_inet_pton-1.1.0-py311haa95532_0.conda",
  "version": "1.1.0"
}