{
  "build": "py311haa95532_0",
  "build_number": 0,
  "channel": "https://repo.anaconda.com/pkgs/main/win-64",
  "constrains": [],
  "depends": [
    "h11 >=0.9.0,<1.0",
    "python >=3.11,<3.12.0a0"
  ],
  "extracted_package_dir": "C:\\Users\\vicayo\\anaconda3\\pkgs\\wsproto-1.2.0-py311haa95532_0",
  "files": [
    "Lib/site-packages/wsproto-1.2.0.dist-info/INSTALLER",
    "Lib/site-packages/wsproto-1.2.0.dist-info/LICENSE",
    "Lib/site-packages/wsproto-1.2.0.dist-info/METADATA",
    "Lib/site-packages/wsproto-1.2.0.dist-info/RECORD",
    "Lib/site-packages/wsproto-1.2.0.dist-info/REQUESTED",
    "Lib/site-packages/wsproto-1.2.0.dist-info/WHEEL",
    "Lib/site-packages/wsproto-1.2.0.dist-info/direct_url.json",
    "Lib/site-packages/wsproto-1.2.0.dist-info/top_level.txt",
    "Lib/site-packages/wsproto/__init__.py",
    "Lib/site-packages/wsproto/__pycache__/__init__.cpython-311.pyc",
    "Lib/site-packages/wsproto/__pycache__/connection.cpython-311.pyc",
    "Lib/site-packages/wsproto/__pycache__/events.cpython-311.pyc",
    "Lib/site-packages/wsproto/__pycache__/extensions.cpython-311.pyc",
    "Lib/site-packages/wsproto/__pycache__/frame_protocol.cpython-311.pyc",
    "Lib/site-packages/wsproto/__pycache__/handshake.cpython-311.pyc",
    "Lib/site-packages/wsproto/__pycache__/typing.cpython-311.pyc",
    "Lib/site-packages/wsproto/__pycache__/utilities.cpython-311.pyc",
    "Lib/site-packages/wsproto/connection.py",
    "Lib/site-packages/wsproto/events.py",
    "Lib/site-packages/wsproto/extensions.py",
    "Lib/site-packages/wsproto/frame_protocol.py",
    "Lib/site-packages/wsproto/handshake.py",
    "Lib/site-packages/wsproto/py.typed",
    "Lib/site-packages/wsproto/typing.py",
    "Lib/site-packages/wsproto/utilities.py",
    ".nonadmin"
  ],
  "fn": "wsproto-1.2.0-py311haa95532_0.conda",
  "license": "MIT",
  "link": {
    "source": "C:\\Users\\vicayo\\anaconda3\\pkgs\\wsproto-1.2.0-py311haa95532_0",
    "type": 1
  },
  "md5": "f727b99c9ca92cb858b0e723fc6cf64f",
  "name": "wsproto",
  "package_tarball_full_path": "C:\\Users\\vicayo\\anaconda3\\pkgs\\wsproto-1.2.0-py311haa95532_0.conda",
  "paths_data": {
    "paths": [
      {
        "_path": "Lib/site-packages/wsproto-1.2.0.dist-info/INSTALLER",
        "path_type": "hardlink",
        "sha256": "d0edee15f91b406f3f99726e44eb990be6e34fd0345b52b910c568e0eef6a2a8",
        "sha256_in_prefix": "d0edee15f91b406f3f99726e44eb990be6e34fd0345b52b910c568e0eef6a2a8",
        "size_in_bytes": 5
      },
      {
        "_path": "Lib/site-packages/wsproto-1.2.0.dist-info/LICENSE",
        "path_type": "hardlink",
        "sha256": "c0329a8dbf3437b095f7f5cf4257d6bb855e07120cae8786586073ff7a699959",
        "sha256_in_prefix": "c0329a8dbf3437b095f7f5cf4257d6bb855e07120cae8786586073ff7a699959",
        "size_in_bytes": 1093
      },
      {
        "_path": "Lib/site-packages/wsproto-1.2.0.dist-info/METADATA",
        "path_type": "hardlink",
        "sha256": "499f5a3af16ca09b97864b7a1c69376a2dc5827604c1d9e1ab94e86bf7826a7d",
        "sha256_in_prefix": "499f5a3af16ca09b97864b7a1c69376a2dc5827604c1d9e1ab94e86bf7826a7d",
        "size_in_bytes": 5782
      },
      {
        "_path": "Lib/site-packages/wsproto-1.2.0.dist-info/RECORD",
        "path_type": "hardlink",
        "sha256": "b64c19d962a19c753cd1620a127e5b19e5ea4fd7a8065b27f9382dbaa5f49954",
        "sha256_in_prefix": "b64c19d962a19c753cd1620a127e5b19e5ea4fd7a8065b27f9382dbaa5f49954",
        "size_in_bytes": 1749
      },
      {
        "_path": "Lib/site-packages/wsproto-1.2.0.dist-info/REQUESTED",
        "path_type": "hardlink",
        "sha256": "e3b0c44298fc1c149afbf4c8996fb92427ae41e4649b934ca495991b7852b855",
        "sha256_in_prefix": "e3b0c44298fc1c149afbf4c8996fb92427ae41e4649b934ca495991b7852b855",
        "size_in_bytes": 0
      },
      {
        "_path": "Lib/site-packages/wsproto-1.2.0.dist-info/WHEEL",
        "path_type": "hardlink",
        "sha256": "4749dceaa4f1ba82e4ed2840dbf63e51690df1975f0c11b607a12aa73d965dbb",
        "sha256_in_prefix": "4749dceaa4f1ba82e4ed2840dbf63e51690df1975f0c11b607a12aa73d965dbb",
        "size_in_bytes": 91
      },
      {
        "_path": "Lib/site-packages/wsproto-1.2.0.dist-info/direct_url.json",
        "path_type": "hardlink",
        "sha256": "53235bd1412d12888acc88b5ef6d966199f82eed53740f8f66fbb9fb727f53a3",
        "sha256_in_prefix": "53235bd1412d12888acc88b5ef6d966199f82eed53740f8f66fbb9fb727f53a3",
        "size_in_bytes": 87
      },
      {
        "_path": "Lib/site-packages/wsproto-1.2.0.dist-info/top_level.txt",
        "path_type": "hardlink",
        "sha256": "054748af02f5d73113d1f916918449d7264aac47ef0c5f4366a8e10013a2a3a6",
        "sha256_in_prefix": "054748af02f5d73113d1f916918449d7264aac47ef0c5f4366a8e10013a2a3a6",
        "size_in_bytes": 8
      },
      {
        "_path": "Lib/site-packages/wsproto/__init__.py",
        "path_type": "hardlink",
        "sha256": "cd04888cb8ef7931f0ca11807ea1bf9ff715979e214e4795eafb9a77572710e1",
        "sha256_in_prefix": "cd04888cb8ef7931f0ca11807ea1bf9ff715979e214e4795eafb9a77572710e1",
        "size_in_bytes": 2887
      },
      {
        "_path": "Lib/site-packages/wsproto/__pycache__/__init__.cpython-311.pyc",
        "path_type": "hardlink",
        "sha256": "307386c0d2c4a2b737585ba423092729aefd73f80113b4dbf4c8e640d47ed808",
        "sha256_in_prefix": "307386c0d2c4a2b737585ba423092729aefd73f80113b4dbf4c8e640d47ed808",
        "size_in_bytes": 4463
      },
      {
        "_path": "Lib/site-packages/wsproto/__pycache__/connection.cpython-311.pyc",
        "path_type": "hardlink",
        "sha256": "2076ce2e69365b21f1f7e90c39cf0538a582c797551c9f84b15a04dec14150c0",
        "sha256_in_prefix": "2076ce2e69365b21f1f7e90c39cf0538a582c797551c9f84b15a04dec14150c0",
        "size_in_bytes": 8829
      },
      {
        "_path": "Lib/site-packages/wsproto/__pycache__/events.cpython-311.pyc",
        "path_type": "hardlink",
        "sha256": "c6123cd4f9e17fc6e8eded005a66e51d9025583c44bbd19846375c2ed6c83f9c",
        "sha256_in_prefix": "c6123cd4f9e17fc6e8eded005a66e51d9025583c44bbd19846375c2ed6c83f9c",
        "size_in_bytes": 11760
      },
      {
        "_path": "Lib/site-packages/wsproto/__pycache__/extensions.cpython-311.pyc",
        "path_type": "hardlink",
        "sha256": "97e467f1b63fe4224c638e0e5e76c436b8f924ed7442209b7a1983d1ea7776ef",
        "sha256_in_prefix": "97e467f1b63fe4224c638e0e5e76c436b8f924ed7442209b7a1983d1ea7776ef",
        "size_in_bytes": 14921
      },
      {
        "_path": "Lib/site-packages/wsproto/__pycache__/frame_protocol.cpython-311.pyc",
        "path_type": "hardlink",
        "sha256": "46972032ff66b5ca1c35d659edfcd16d6d17b9ef362a27486f2153bcebb8c8a3",
        "sha256_in_prefix": "46972032ff66b5ca1c35d659edfcd16d6d17b9ef362a27486f2153bcebb8c8a3",
        "size_in_bytes": 29141
      },
      {
        "_path": "Lib/site-packages/wsproto/__pycache__/handshake.cpython-311.pyc",
        "path_type": "hardlink",
        "sha256": "ab62bb1410fc354f1cd5ed2ad76b2fa78a48f23913dba8fc0d457f3a54cedd2c",
        "sha256_in_prefix": "ab62bb1410fc354f1cd5ed2ad76b2fa78a48f23913dba8fc0d457f3a54cedd2c",
        "size_in_bytes": 22355
      },
      {
        "_path": "Lib/site-packages/wsproto/__pycache__/typing.cpython-311.pyc",
        "path_type": "hardlink",
        "sha256": "a38bba1d2927dc3ac8f606970451c713ac68e465d5fc2defd115ff32178b51a7",
        "sha256_in_prefix": "a38bba1d2927dc3ac8f606970451c713ac68e465d5fc2defd115ff32178b51a7",
        "size_in_bytes": 280
      },
      {
        "_path": "Lib/site-packages/wsproto/__pycache__/utilities.cpython-311.pyc",
        "path_type": "hardlink",
        "sha256": "b3685075378a9196b13756f76b870249a4df85b52086c867456f8f1c98e4fd46",
        "sha256_in_prefix": "b3685075378a9196b13756f76b870249a4df85b52086c867456f8f1c98e4fd46",
        "size_in_bytes": 4336
      },
      {
        "_path": "Lib/site-packages/wsproto/connection.py",
        "path_type": "hardlink",
        "sha256": "2e1b1ba24c5952602d32c385159e39a6e6433f22173449aaed26a713bb300201",
        "sha256_in_prefix": "2e1b1ba24c5952602d32c385159e39a6e6433f22173449aaed26a713bb300201",
        "size_in_bytes": 6813
      },
      {
        "_path": "Lib/site-packages/wsproto/events.py",
        "path_type": "hardlink",
        "sha256": "0d6ed843cdb7a0adcc8d71ea70fbe32738c11a4e541ae30efeba4d9ca826996f",
        "sha256_in_prefix": "0d6ed843cdb7a0adcc8d71ea70fbe32738c11a4e541ae30efeba4d9ca826996f",
        "size_in_bytes": 7979
      },
      {
        "_path": "Lib/site-packages/wsproto/extensions.py",
        "path_type": "hardlink",
        "sha256": "5659e88efb02d803bbbdb524c3f4cea8282d9876f5752a655de4708cc7e30a8e",
        "sha256_in_prefix": "5659e88efb02d803bbbdb524c3f4cea8282d9876f5752a655de4708cc7e30a8e",
        "size_in_bytes": 11211
      },
      {
        "_path": "Lib/site-packages/wsproto/frame_protocol.py",
        "path_type": "hardlink",
        "sha256": "079a7fc11ab9e20bd38a17a06c9dfd46438dadd86d8a9a180c4898abde417409",
        "sha256_in_prefix": "079a7fc11ab9e20bd38a17a06c9dfd46438dadd86d8a9a180c4898abde417409",
        "size_in_bytes": 23401
      },
      {
        "_path": "Lib/site-packages/wsproto/handshake.py",
        "path_type": "hardlink",
        "sha256": "84fa93a35e4ca8ec5896f70d613a3e6c8cd0247b512eaf2aab68c1747773db1f",
        "sha256_in_prefix": "84fa93a35e4ca8ec5896f70d613a3e6c8cd0247b512eaf2aab68c1747773db1f",
        "size_in_bytes": 18036
      },
      {
        "_path": "Lib/site-packages/wsproto/py.typed",
        "path_type": "hardlink",
        "sha256": "b28c3db284f03fd4ff80401049587b19bf3ce79874e0dc2686cd967be2518193",
        "sha256_in_prefix": "b28c3db284f03fd4ff80401049587b19bf3ce79874e0dc2686cd967be2518193",
        "size_in_bytes": 7
      },
      {
        "_path": "Lib/site-packages/wsproto/typing.py",
        "path_type": "hardlink",
        "sha256": "4727fa78e840cdf6651c21442e289ac83ccda9d5d01bb24a71c6e53aa371e96a",
        "sha256_in_prefix": "4727fa78e840cdf6651c21442e289ac83ccda9d5d01bb24a71c6e53aa371e96a",
        "size_in_bytes": 68
      },
      {
        "_path": "Lib/site-packages/wsproto/utilities.py",
        "path_type": "hardlink",
        "sha256": "e6a98f5d2521529d8611282f80869c67b378baa774bc18a385557bb7a5d3899c",
        "sha256_in_prefix": "e6a98f5d2521529d8611282f80869c67b378baa774bc18a385557bb7a5d3899c",
        "size_in_bytes": 2816
      }
    ],
    "paths_version": 1
  },
  "requested_spec": "None",
  "sha256": "146e0fee8466eb806b56155d8a6b7937260ce3a5646f7f725c4f6553d5b426ae",
  "size": 58003,
  "subdir": "win-64",
  "timestamp": 1725051611000,
  "url": "https://repo.anaconda.com/pkgs/main/win-64/wsproto-1.2.0-py311haa95532_0.conda",
  "version": "1.2.0"
}